[      93ms] [LOG] [Fast Refresh] rebuilding @ webpack-internal:///(app-pages-browser)/./node_modules/next/dist/client/components/react-dev-overlay/app/hot-reloader-client.js:186
[     990ms] [LOG] [Fast Refresh] done in 898ms @ webpack-internal:///(app-pages-browser)/./node_modules/next/dist/client/components/react-dev-overlay/app/hot-reloader-client.js:43
[    1584ms] [INFO] %cDownload the React DevTools for a better development experience: https://reactjs.org/link/react-devtools font-weight:bold @ webpack-internal:///(app-pages-browser)/./node_modules/next/dist/compiled/react-dom/cjs/react-dom.development.js:38559
[    1716ms] [ERROR] IntlError: MISSING_MESSAGE: Could not resolve `dashboard.live` in messages for locale `zh`.
    at getFallbackFromErrorAndNotify (webpack-internal:///(app-pages-browser)/./node_modules/use-intl/dist/development/createFormatter-QqAaZwGD.js:159:19)
    at translateBaseFn (webpack-internal:///(app-pages-browser)/./node_modules/use-intl/dist/development/createFormatter-QqAaZwGD.js:184:14)
    at translateFn (webpack-internal:///(app-pages-browser)/./node_modules/use-intl/dist/development/createFormatter-QqAaZwGD.js:258:20)
    at DashboardPage (webpack-internal:///(app-pages-browser)/./src/app/[locale]/(main)/page.tsx:54:99)
    at renderWithHooks (webpack-internal:///(app-pages-browser)/./node_modules/next/dist/compiled/react-dom/cjs/react-dom.development.js:11121:18)
    at mountIndeterminateComponent (webpack-internal:///(app-pages-browser)/./node_modules/next/dist/compiled/react-dom/cjs/react-dom.development.js:16869:13)
    at beginWork$1 (webpack-internal:///(app-pages-browser)/./node_modules/next/dist/compiled/react-dom/cjs/react-dom.development.js:18458:16)
    at beginWork (webpack-internal:///(app-pages-browser)/./node_modules/next/dist/compiled/react-dom/cjs/react-dom.development.js:26927:14)
    at performUnitOfWork (webpack-internal:///(app-pages-browser)/./node_modules/next/dist/compiled/react-dom/cjs/react-dom.development.js:25748:12)
    at workLoopSync (webpack-internal:///(app-pages-browser)/./node_modules/next/dist/compiled/react-dom/cjs/react-dom.development.js:25464:5)
    at renderRootSync (webpack-internal:///(app-pages-browser)/./node_modules/next/dist/compiled/react-dom/cjs/react-dom.development.js:25419:7)
    at performConcurrentWorkOnRoot (webpack-internal:///(app-pages-browser)/./node_modules/next/dist/compiled/react-dom/cjs/react-dom.development.js:24504:74)
    at workLoop (webpack-internal:///(app-pages-browser)/./node_modules/next/dist/compiled/scheduler/cjs/scheduler.development.js:256:34)
    at flushWork (webpack-internal:///(app-pages-browser)/./node_modules/next/dist/compiled/scheduler/cjs/scheduler.development.js:225:14)
    at MessagePort.performWorkUntilDeadline (webpack-internal:///(app-pages-browser)/./node_modules/next/dist/compiled/scheduler/cjs/scheduler.development.js:534:21) @ webpack-internal:///(app-pages-browser)/./node_modules/next/dist/client/app-index.js:32
[    1717ms] [ERROR] IntlError: MISSING_MESSAGE: Could not resolve `dashboard.greeting` in messages for locale `zh`.
    at getFallbackFromErrorAndNotify (webpack-internal:///(app-pages-browser)/./node_modules/use-intl/dist/development/createFormatter-QqAaZwGD.js:159:19)
    at translateBaseFn (webpack-internal:///(app-pages-browser)/./node_modules/use-intl/dist/development/createFormatter-QqAaZwGD.js:184:14)
    at translateFn (webpack-internal:///(app-pages-browser)/./node_modules/use-intl/dist/development/createFormatter-QqAaZwGD.js:258:20)
    at DashboardPage (webpack-internal:///(app-pages-browser)/./src/app/[locale]/(main)/page.tsx:81:51)
    at renderWithHooks (webpack-internal:///(app-pages-browser)/./node_modules/next/dist/compiled/react-dom/cjs/react-dom.development.js:11121:18)
    at mountIndeterminateComponent (webpack-internal:///(app-pages-browser)/./node_modules/next/dist/compiled/react-dom/cjs/react-dom.development.js:16869:13)
    at beginWork$1 (webpack-internal:///(app-pages-browser)/./node_modules/next/dist/compiled/react-dom/cjs/react-dom.development.js:18458:16)
    at beginWork (webpack-internal:///(app-pages-browser)/./node_modules/next/dist/compiled/react-dom/cjs/react-dom.development.js:26927:14)
    at performUnitOfWork (webpack-internal:///(app-pages-browser)/./node_modules/next/dist/compiled/react-dom/cjs/react-dom.development.js:25748:12)
    at workLoopSync (webpack-internal:///(app-pages-browser)/./node_modules/next/dist/compiled/react-dom/cjs/react-dom.development.js:25464:5)
    at renderRootSync (webpack-internal:///(app-pages-browser)/./node_modules/next/dist/compiled/react-dom/cjs/react-dom.development.js:25419:7)
    at performConcurrentWorkOnRoot (webpack-internal:///(app-pages-browser)/./node_modules/next/dist/compiled/react-dom/cjs/react-dom.development.js:24504:74)
    at workLoop (webpack-internal:///(app-pages-browser)/./node_modules/next/dist/compiled/scheduler/cjs/scheduler.development.js:256:34)
    at flushWork (webpack-internal:///(app-pages-browser)/./node_modules/next/dist/compiled/scheduler/cjs/scheduler.development.js:225:14)
    at MessagePort.performWorkUntilDeadline (webpack-internal:///(app-pages-browser)/./node_modules/next/dist/compiled/scheduler/cjs/scheduler.development.js:534:21) @ webpack-internal:///(app-pages-browser)/./node_modules/next/dist/client/app-index.js:32
[    1717ms] [ERROR] IntlError: MISSING_MESSAGE: Could not resolve `dashboard.lastUpdated` in messages for locale `zh`.
    at getFallbackFromErrorAndNotify (webpack-internal:///(app-pages-browser)/./node_modules/use-intl/dist/development/createFormatter-QqAaZwGD.js:159:19)
    at translateBaseFn (webpack-internal:///(app-pages-browser)/./node_modules/use-intl/dist/development/createFormatter-QqAaZwGD.js:184:14)
    at translateFn (webpack-internal:///(app-pages-browser)/./node_modules/use-intl/dist/development/createFormatter-QqAaZwGD.js:258:20)
    at DashboardPage (webpack-internal:///(app-pages-browser)/./src/app/[locale]/(main)/page.tsx:109:45)
    at renderWithHooks (webpack-internal:///(app-pages-browser)/./node_modules/next/dist/compiled/react-dom/cjs/react-dom.development.js:11121:18)
    at mountIndeterminateComponent (webpack-internal:///(app-pages-browser)/./node_modules/next/dist/compiled/react-dom/cjs/react-dom.development.js:16869:13)
    at beginWork$1 (webpack-internal:///(app-pages-browser)/./node_modules/next/dist/compiled/react-dom/cjs/react-dom.development.js:18458:16)
    at beginWork (webpack-internal:///(app-pages-browser)/./node_modules/next/dist/compiled/react-dom/cjs/react-dom.development.js:26927:14)
    at performUnitOfWork (webpack-internal:///(app-pages-browser)/./node_modules/next/dist/compiled/react-dom/cjs/react-dom.development.js:25748:12)
    at workLoopSync (webpack-internal:///(app-pages-browser)/./node_modules/next/dist/compiled/react-dom/cjs/react-dom.development.js:25464:5)
    at renderRootSync (webpack-internal:///(app-pages-browser)/./node_modules/next/dist/compiled/react-dom/cjs/react-dom.development.js:25419:7)
    at performConcurrentWorkOnRoot (webpack-internal:///(app-pages-browser)/./node_modules/next/dist/compiled/react-dom/cjs/react-dom.development.js:24504:74)
    at workLoop (webpack-internal:///(app-pages-browser)/./node_modules/next/dist/compiled/scheduler/cjs/scheduler.development.js:256:34)
    at flushWork (webpack-internal:///(app-pages-browser)/./node_modules/next/dist/compiled/scheduler/cjs/scheduler.development.js:225:14)
    at MessagePort.performWorkUntilDeadline (webpack-internal:///(app-pages-browser)/./node_modules/next/dist/compiled/scheduler/cjs/scheduler.development.js:534:21) @ webpack-internal:///(app-pages-browser)/./node_modules/next/dist/client/app-index.js:32
[    1717ms] [ERROR] IntlError: MISSING_MESSAGE: Could not resolve `dashboard.live` in messages for locale `zh`.
    at getFallbackFromErrorAndNotify (webpack-internal:///(app-pages-browser)/./node_modules/use-intl/dist/development/createFormatter-QqAaZwGD.js:159:19)
    at translateBaseFn (webpack-internal:///(app-pages-browser)/./node_modules/use-intl/dist/development/createFormatter-QqAaZwGD.js:184:14)
    at translateFn (webpack-internal:///(app-pages-browser)/./node_modules/use-intl/dist/development/createFormatter-QqAaZwGD.js:258:20)
    at DashboardPage (webpack-internal:///(app-pages-browser)/./src/app/[locale]/(main)/page.tsx:137:59)
    at renderWithHooks (webpack-internal:///(app-pages-browser)/./node_modules/next/dist/compiled/react-dom/cjs/react-dom.development.js:11121:18)
    at mountIndeterminateComponent (webpack-internal:///(app-pages-browser)/./node_modules/next/dist/compiled/react-dom/cjs/react-dom.development.js:16869:13)
    at beginWork$1 (webpack-internal:///(app-pages-browser)/./node_modules/next/dist/compiled/react-dom/cjs/react-dom.development.js:18458:16)
    at beginWork (webpack-internal:///(app-pages-browser)/./node_modules/next/dist/compiled/react-dom/cjs/react-dom.development.js:26927:14)
    at performUnitOfWork (webpack-internal:///(app-pages-browser)/./node_modules/next/dist/compiled/react-dom/cjs/react-dom.development.js:25748:12)
    at workLoopSync (webpack-internal:///(app-pages-browser)/./node_modules/next/dist/compiled/react-dom/cjs/react-dom.development.js:25464:5)
    at renderRootSync (webpack-internal:///(app-pages-browser)/./node_modules/next/dist/compiled/react-dom/cjs/react-dom.development.js:25419:7)
    at performConcurrentWorkOnRoot (webpack-internal:///(app-pages-browser)/./node_modules/next/dist/compiled/react-dom/cjs/react-dom.development.js:24504:74)
    at workLoop (webpack-internal:///(app-pages-browser)/./node_modules/next/dist/compiled/scheduler/cjs/scheduler.development.js:256:34)
    at flushWork (webpack-internal:///(app-pages-browser)/./node_modules/next/dist/compiled/scheduler/cjs/scheduler.development.js:225:14)
    at MessagePort.performWorkUntilDeadline (webpack-internal:///(app-pages-browser)/./node_modules/next/dist/compiled/scheduler/cjs/scheduler.development.js:534:21) @ webpack-internal:///(app-pages-browser)/./node_modules/next/dist/client/app-index.js:32
[    1718ms] [ERROR] IntlError: MISSING_MESSAGE: Could not resolve `dashboard.marketMovers` in messages for locale `zh`.
    at getFallbackFromErrorAndNotify (webpack-internal:///(app-pages-browser)/./node_modules/use-intl/dist/development/createFormatter-QqAaZwGD.js:159:19)
    at translateBaseFn (webpack-internal:///(app-pages-browser)/./node_modules/use-intl/dist/development/createFormatter-QqAaZwGD.js:184:14)
    at translateFn (webpack-internal:///(app-pages-browser)/./node_modules/use-intl/dist/development/createFormatter-QqAaZwGD.js:258:20)
    at DashboardPage (webpack-internal:///(app-pages-browser)/./src/app/[locale]/(main)/page.tsx:200:43)
    at renderWithHooks (webpack-internal:///(app-pages-browser)/./node_modules/next/dist/compiled/react-dom/cjs/react-dom.development.js:11121:18)
    at mountIndeterminateComponent (webpack-internal:///(app-pages-browser)/./node_modules/next/dist/compiled/react-dom/cjs/react-dom.development.js:16869:13)
    at beginWork$1 (webpack-internal:///(app-pages-browser)/./node_modules/next/dist/compiled/react-dom/cjs/react-dom.development.js:18458:16)
    at beginWork (webpack-internal:///(app-pages-browser)/./node_modules/next/dist/compiled/react-dom/cjs/react-dom.development.js:26927:14)
    at performUnitOfWork (webpack-internal:///(app-pages-browser)/./node_modules/next/dist/compiled/react-dom/cjs/react-dom.development.js:25748:12)
    at workLoopSync (webpack-internal:///(app-pages-browser)/./node_modules/next/dist/compiled/react-dom/cjs/react-dom.development.js:25464:5)
    at renderRootSync (webpack-internal:///(app-pages-browser)/./node_modules/next/dist/compiled/react-dom/cjs/react-dom.development.js:25419:7)
    at performConcurrentWorkOnRoot (webpack-internal:///(app-pages-browser)/./node_modules/next/dist/compiled/react-dom/cjs/react-dom.development.js:24504:74)
    at workLoop (webpack-internal:///(app-pages-browser)/./node_modules/next/dist/compiled/scheduler/cjs/scheduler.development.js:256:34)
    at flushWork (webpack-internal:///(app-pages-browser)/./node_modules/next/dist/compiled/scheduler/cjs/scheduler.development.js:225:14)
    at MessagePort.performWorkUntilDeadline (webpack-internal:///(app-pages-browser)/./node_modules/next/dist/compiled/scheduler/cjs/scheduler.development.js:534:21) @ webpack-internal:///(app-pages-browser)/./node_modules/next/dist/client/app-index.js:32
[    1718ms] [ERROR] IntlError: MISSING_MESSAGE: Could not resolve `dashboard.live` in messages for locale `zh`.
    at getFallbackFromErrorAndNotify (webpack-internal:///(app-pages-browser)/./node_modules/use-intl/dist/development/createFormatter-QqAaZwGD.js:159:19)
    at translateBaseFn (webpack-internal:///(app-pages-browser)/./node_modules/use-intl/dist/development/createFormatter-QqAaZwGD.js:184:14)
    at translateFn (webpack-internal:///(app-pages-browser)/./node_modules/use-intl/dist/development/createFormatter-QqAaZwGD.js:258:20)
    at DashboardPage (webpack-internal:///(app-pages-browser)/./src/app/[locale]/(main)/page.tsx:54:99)
    at renderWithHooksAgain (webpack-internal:///(app-pages-browser)/./node_modules/next/dist/compiled/react-dom/cjs/react-dom.development.js:11272:16)
    at renderWithHooks (webpack-internal:///(app-pages-browser)/./node_modules/next/dist/compiled/react-dom/cjs/react-dom.development.js:11135:18)
    at mountIndeterminateComponent (webpack-internal:///(app-pages-browser)/./node_modules/next/dist/compiled/react-dom/cjs/react-dom.development.js:16869:13)
    at beginWork$1 (webpack-internal:///(app-pages-browser)/./node_modules/next/dist/compiled/react-dom/cjs/react-dom.development.js:18458:16)
    at beginWork (webpack-internal:///(app-pages-browser)/./node_modules/next/dist/compiled/react-dom/cjs/react-dom.development.js:26927:14)
    at performUnitOfWork (webpack-internal:///(app-pages-browser)/./node_modules/next/dist/compiled/react-dom/cjs/react-dom.development.js:25748:12)
    at workLoopSync (webpack-internal:///(app-pages-browser)/./node_modules/next/dist/compiled/react-dom/cjs/react-dom.development.js:25464:5)
    at renderRootSync (webpack-internal:///(app-pages-browser)/./node_modules/next/dist/compiled/react-dom/cjs/react-dom.development.js:25419:7)
    at performConcurrentWorkOnRoot (webpack-internal:///(app-pages-browser)/./node_modules/next/dist/compiled/react-dom/cjs/react-dom.development.js:24504:74)
    at workLoop (webpack-internal:///(app-pages-browser)/./node_modules/next/dist/compiled/scheduler/cjs/scheduler.development.js:256:34)
    at flushWork (webpack-internal:///(app-pages-browser)/./node_modules/next/dist/compiled/scheduler/cjs/scheduler.development.js:225:14)
    at MessagePort.performWorkUntilDeadline (webpack-internal:///(app-pages-browser)/./node_modules/next/dist/compiled/scheduler/cjs/scheduler.development.js:534:21) @ webpack-internal:///(app-pages-browser)/./node_modules/next/dist/client/app-index.js:32
[    1718ms] [ERROR] IntlError: MISSING_MESSAGE: Could not resolve `dashboard.greeting` in messages for locale `zh`.
    at getFallbackFromErrorAndNotify (webpack-internal:///(app-pages-browser)/./node_modules/use-intl/dist/development/createFormatter-QqAaZwGD.js:159:19)
    at translateBaseFn (webpack-internal:///(app-pages-browser)/./node_modules/use-intl/dist/development/createFormatter-QqAaZwGD.js:184:14)
    at translateFn (webpack-internal:///(app-pages-browser)/./node_modules/use-intl/dist/development/createFormatter-QqAaZwGD.js:258:20)
    at DashboardPage (webpack-internal:///(app-pages-browser)/./src/app/[locale]/(main)/page.tsx:81:51)
    at renderWithHooksAgain (webpack-internal:///(app-pages-browser)/./node_modules/next/dist/compiled/react-dom/cjs/react-dom.development.js:11272:16)
    at renderWithHooks (webpack-internal:///(app-pages-browser)/./node_modules/next/dist/compiled/react-dom/cjs/react-dom.development.js:11135:18)
    at mountIndeterminateComponent (webpack-internal:///(app-pages-browser)/./node_modules/next/dist/compiled/react-dom/cjs/react-dom.development.js:16869:13)
    at beginWork$1 (webpack-internal:///(app-pages-browser)/./node_modules/next/dist/compiled/react-dom/cjs/react-dom.development.js:18458:16)
    at beginWork (webpack-internal:///(app-pages-browser)/./node_modules/next/dist/compiled/react-dom/cjs/react-dom.development.js:26927:14)
    at performUnitOfWork (webpack-internal:///(app-pages-browser)/./node_modules/next/dist/compiled/react-dom/cjs/react-dom.development.js:25748:12)
    at workLoopSync (webpack-internal:///(app-pages-browser)/./node_modules/next/dist/compiled/react-dom/cjs/react-dom.development.js:25464:5)
    at renderRootSync (webpack-internal:///(app-pages-browser)/./node_modules/next/dist/compiled/react-dom/cjs/react-dom.development.js:25419:7)
    at performConcurrentWorkOnRoot (webpack-internal:///(app-pages-browser)/./node_modules/next/dist/compiled/react-dom/cjs/react-dom.development.js:24504:74)
    at workLoop (webpack-internal:///(app-pages-browser)/./node_modules/next/dist/compiled/scheduler/cjs/scheduler.development.js:256:34)
    at flushWork (webpack-internal:///(app-pages-browser)/./node_modules/next/dist/compiled/scheduler/cjs/scheduler.development.js:225:14)
    at MessagePort.performWorkUntilDeadline (webpack-internal:///(app-pages-browser)/./node_modules/next/dist/compiled/scheduler/cjs/scheduler.development.js:534:21) @ webpack-internal:///(app-pages-browser)/./node_modules/next/dist/client/app-index.js:32
[    1718ms] [ERROR] IntlError: MISSING_MESSAGE: Could not resolve `dashboard.lastUpdated` in messages for locale `zh`.
    at getFallbackFromErrorAndNotify (webpack-internal:///(app-pages-browser)/./node_modules/use-intl/dist/development/createFormatter-QqAaZwGD.js:159:19)
    at translateBaseFn (webpack-internal:///(app-pages-browser)/./node_modules/use-intl/dist/development/createFormatter-QqAaZwGD.js:184:14)
    at translateFn (webpack-internal:///(app-pages-browser)/./node_modules/use-intl/dist/development/createFormatter-QqAaZwGD.js:258:20)
    at DashboardPage (webpack-internal:///(app-pages-browser)/./src/app/[locale]/(main)/page.tsx:109:45)
    at renderWithHooksAgain (webpack-internal:///(app-pages-browser)/./node_modules/next/dist/compiled/react-dom/cjs/react-dom.development.js:11272:16)
    at renderWithHooks (webpack-internal:///(app-pages-browser)/./node_modules/next/dist/compiled/react-dom/cjs/react-dom.development.js:11135:18)
    at mountIndeterminateComponent (webpack-internal:///(app-pages-browser)/./node_modules/next/dist/compiled/react-dom/cjs/react-dom.development.js:16869:13)
    at beginWork$1 (webpack-internal:///(app-pages-browser)/./node_modules/next/dist/compiled/react-dom/cjs/react-dom.development.js:18458:16)
    at beginWork (webpack-internal:///(app-pages-browser)/./node_modules/next/dist/compiled/react-dom/cjs/react-dom.development.js:26927:14)
    at performUnitOfWork (webpack-internal:///(app-pages-browser)/./node_modules/next/dist/compiled/react-dom/cjs/react-dom.development.js:25748:12)
    at workLoopSync (webpack-internal:///(app-pages-browser)/./node_modules/next/dist/compiled/react-dom/cjs/react-dom.development.js:25464:5)
    at renderRootSync (webpack-internal:///(app-pages-browser)/./node_modules/next/dist/compiled/react-dom/cjs/react-dom.development.js:25419:7)
    at performConcurrentWorkOnRoot (webpack-internal:///(app-pages-browser)/./node_modules/next/dist/compiled/react-dom/cjs/react-dom.development.js:24504:74)
    at workLoop (webpack-internal:///(app-pages-browser)/./node_modules/next/dist/compiled/scheduler/cjs/scheduler.development.js:256:34)
    at flushWork (webpack-internal:///(app-pages-browser)/./node_modules/next/dist/compiled/scheduler/cjs/scheduler.development.js:225:14)
    at MessagePort.performWorkUntilDeadline (webpack-internal:///(app-pages-browser)/./node_modules/next/dist/compiled/scheduler/cjs/scheduler.development.js:534:21) @ webpack-internal:///(app-pages-browser)/./node_modules/next/dist/client/app-index.js:32
[    1718ms] [ERROR] IntlError: MISSING_MESSAGE: Could not resolve `dashboard.live` in messages for locale `zh`.
    at getFallbackFromErrorAndNotify (webpack-internal:///(app-pages-browser)/./node_modules/use-intl/dist/development/createFormatter-QqAaZwGD.js:159:19)
    at translateBaseFn (webpack-internal:///(app-pages-browser)/./node_modules/use-intl/dist/development/createFormatter-QqAaZwGD.js:184:14)
    at translateFn (webpack-internal:///(app-pages-browser)/./node_modules/use-intl/dist/development/createFormatter-QqAaZwGD.js:258:20)
    at DashboardPage (webpack-internal:///(app-pages-browser)/./src/app/[locale]/(main)/page.tsx:137:59)
    at renderWithHooksAgain (webpack-internal:///(app-pages-browser)/./node_modules/next/dist/compiled/react-dom/cjs/react-dom.development.js:11272:16)
    at renderWithHooks (webpack-internal:///(app-pages-browser)/./node_modules/next/dist/compiled/react-dom/cjs/react-dom.development.js:11135:18)
    at mountIndeterminateComponent (webpack-internal:///(app-pages-browser)/./node_modules/next/dist/compiled/react-dom/cjs/react-dom.development.js:16869:13)
    at beginWork$1 (webpack-internal:///(app-pages-browser)/./node_modules/next/dist/compiled/react-dom/cjs/react-dom.development.js:18458:16)
    at beginWork (webpack-internal:///(app-pages-browser)/./node_modules/next/dist/compiled/react-dom/cjs/react-dom.development.js:26927:14)
    at performUnitOfWork (webpack-internal:///(app-pages-browser)/./node_modules/next/dist/compiled/react-dom/cjs/react-dom.development.js:25748:12)
    at workLoopSync (webpack-internal:///(app-pages-browser)/./node_modules/next/dist/compiled/react-dom/cjs/react-dom.development.js:25464:5)
    at renderRootSync (webpack-internal:///(app-pages-browser)/./node_modules/next/dist/compiled/react-dom/cjs/react-dom.development.js:25419:7)
    at performConcurrentWorkOnRoot (webpack-internal:///(app-pages-browser)/./node_modules/next/dist/compiled/react-dom/cjs/react-dom.development.js:24504:74)
    at workLoop (webpack-internal:///(app-pages-browser)/./node_modules/next/dist/compiled/scheduler/cjs/scheduler.development.js:256:34)
    at flushWork (webpack-internal:///(app-pages-browser)/./node_modules/next/dist/compiled/scheduler/cjs/scheduler.development.js:225:14)
    at MessagePort.performWorkUntilDeadline (webpack-internal:///(app-pages-browser)/./node_modules/next/dist/compiled/scheduler/cjs/scheduler.development.js:534:21) @ webpack-internal:///(app-pages-browser)/./node_modules/next/dist/client/app-index.js:32
[    1718ms] [ERROR] IntlError: MISSING_MESSAGE: Could not resolve `dashboard.marketMovers` in messages for locale `zh`.
    at getFallbackFromErrorAndNotify (webpack-internal:///(app-pages-browser)/./node_modules/use-intl/dist/development/createFormatter-QqAaZwGD.js:159:19)
    at translateBaseFn (webpack-internal:///(app-pages-browser)/./node_modules/use-intl/dist/development/createFormatter-QqAaZwGD.js:184:14)
    at translateFn (webpack-internal:///(app-pages-browser)/./node_modules/use-intl/dist/development/createFormatter-QqAaZwGD.js:258:20)
    at DashboardPage (webpack-internal:///(app-pages-browser)/./src/app/[locale]/(main)/page.tsx:200:43)
    at renderWithHooksAgain (webpack-internal:///(app-pages-browser)/./node_modules/next/dist/compiled/react-dom/cjs/react-dom.development.js:11272:16)
    at renderWithHooks (webpack-internal:///(app-pages-browser)/./node_modules/next/dist/compiled/react-dom/cjs/react-dom.development.js:11135:18)
    at mountIndeterminateComponent (webpack-internal:///(app-pages-browser)/./node_modules/next/dist/compiled/react-dom/cjs/react-dom.development.js:16869:13)
    at beginWork$1 (webpack-internal:///(app-pages-browser)/./node_modules/next/dist/compiled/react-dom/cjs/react-dom.development.js:18458:16)
    at beginWork (webpack-internal:///(app-pages-browser)/./node_modules/next/dist/compiled/react-dom/cjs/react-dom.development.js:26927:14)
    at performUnitOfWork (webpack-internal:///(app-pages-browser)/./node_modules/next/dist/compiled/react-dom/cjs/react-dom.development.js:25748:12)
    at workLoopSync (webpack-internal:///(app-pages-browser)/./node_modules/next/dist/compiled/react-dom/cjs/react-dom.development.js:25464:5)
    at renderRootSync (webpack-internal:///(app-pages-browser)/./node_modules/next/dist/compiled/react-dom/cjs/react-dom.development.js:25419:7)
    at performConcurrentWorkOnRoot (webpack-internal:///(app-pages-browser)/./node_modules/next/dist/compiled/react-dom/cjs/react-dom.development.js:24504:74)
    at workLoop (webpack-internal:///(app-pages-browser)/./node_modules/next/dist/compiled/scheduler/cjs/scheduler.development.js:256:34)
    at flushWork (webpack-internal:///(app-pages-browser)/./node_modules/next/dist/compiled/scheduler/cjs/scheduler.development.js:225:14)
    at MessagePort.performWorkUntilDeadline (webpack-internal:///(app-pages-browser)/./node_modules/next/dist/compiled/scheduler/cjs/scheduler.development.js:534:21) @ webpack-internal:///(app-pages-browser)/./node_modules/next/dist/client/app-index.js:32
[    1720ms] [ERROR] IntlError: MISSING_MESSAGE: Could not resolve `dashboard.live` in messages for locale `zh`.
    at getFallbackFromErrorAndNotify (webpack-internal:///(app-pages-browser)/./node_modules/use-intl/dist/development/createFormatter-QqAaZwGD.js:159:19)
    at translateBaseFn (webpack-internal:///(app-pages-browser)/./node_modules/use-intl/dist/development/createFormatter-QqAaZwGD.js:184:14)
    at translateFn (webpack-internal:///(app-pages-browser)/./node_modules/use-intl/dist/development/createFormatter-QqAaZwGD.js:258:20)
    at HeroChart (webpack-internal:///(app-pages-browser)/./src/components/dashboard/hero-chart.tsx:205:45)
    at renderWithHooks (webpack-internal:///(app-pages-browser)/./node_modules/next/dist/compiled/react-dom/cjs/react-dom.development.js:11121:18)
    at mountIndeterminateComponent (webpack-internal:///(app-pages-browser)/./node_modules/next/dist/compiled/react-dom/cjs/react-dom.development.js:16869:13)
    at beginWork$1 (webpack-internal:///(app-pages-browser)/./node_modules/next/dist/compiled/react-dom/cjs/react-dom.development.js:18458:16)
    at beginWork (webpack-internal:///(app-pages-browser)/./node_modules/next/dist/compiled/react-dom/cjs/react-dom.development.js:26927:14)
    at performUnitOfWork (webpack-internal:///(app-pages-browser)/./node_modules/next/dist/compiled/react-dom/cjs/react-dom.development.js:25748:12)
    at workLoopSync (webpack-internal:///(app-pages-browser)/./node_modules/next/dist/compiled/react-dom/cjs/react-dom.development.js:25464:5)
    at renderRootSync (webpack-internal:///(app-pages-browser)/./node_modules/next/dist/compiled/react-dom/cjs/react-dom.development.js:25419:7)
    at performConcurrentWorkOnRoot (webpack-internal:///(app-pages-browser)/./node_modules/next/dist/compiled/react-dom/cjs/react-dom.development.js:24504:74)
    at workLoop (webpack-internal:///(app-pages-browser)/./node_modules/next/dist/compiled/scheduler/cjs/scheduler.development.js:256:34)
    at flushWork (webpack-internal:///(app-pages-browser)/./node_modules/next/dist/compiled/scheduler/cjs/scheduler.development.js:225:14)
    at MessagePort.performWorkUntilDeadline (webpack-internal:///(app-pages-browser)/./node_modules/next/dist/compiled/scheduler/cjs/scheduler.development.js:534:21) @ webpack-internal:///(app-pages-browser)/./node_modules/next/dist/client/app-index.js:32
[    1721ms] [ERROR] IntlError: MISSING_MESSAGE: Could not resolve `dashboard.swipeHint` in messages for locale `zh`.
    at getFallbackFromErrorAndNotify (webpack-internal:///(app-pages-browser)/./node_modules/use-intl/dist/development/createFormatter-QqAaZwGD.js:159:19)
    at translateBaseFn (webpack-internal:///(app-pages-browser)/./node_modules/use-intl/dist/development/createFormatter-QqAaZwGD.js:184:14)
    at translateFn (webpack-internal:///(app-pages-browser)/./node_modules/use-intl/dist/development/createFormatter-QqAaZwGD.js:258:20)
    at HeroChart (webpack-internal:///(app-pages-browser)/./src/components/dashboard/hero-chart.tsx:559:35)
    at renderWithHooks (webpack-internal:///(app-pages-browser)/./node_modules/next/dist/compiled/react-dom/cjs/react-dom.development.js:11121:18)
    at mountIndeterminateComponent (webpack-internal:///(app-pages-browser)/./node_modules/next/dist/compiled/react-dom/cjs/react-dom.development.js:16869:13)
    at beginWork$1 (webpack-internal:///(app-pages-browser)/./node_modules/next/dist/compiled/react-dom/cjs/react-dom.development.js:18458:16)
    at beginWork (webpack-internal:///(app-pages-browser)/./node_modules/next/dist/compiled/react-dom/cjs/react-dom.development.js:26927:14)
    at performUnitOfWork (webpack-internal:///(app-pages-browser)/./node_modules/next/dist/compiled/react-dom/cjs/react-dom.development.js:25748:12)
    at workLoopSync (webpack-internal:///(app-pages-browser)/./node_modules/next/dist/compiled/react-dom/cjs/react-dom.development.js:25464:5)
    at renderRootSync (webpack-internal:///(app-pages-browser)/./node_modules/next/dist/compiled/react-dom/cjs/react-dom.development.js:25419:7)
    at performConcurrentWorkOnRoot (webpack-internal:///(app-pages-browser)/./node_modules/next/dist/compiled/react-dom/cjs/react-dom.development.js:24504:74)
    at workLoop (webpack-internal:///(app-pages-browser)/./node_modules/next/dist/compiled/scheduler/cjs/scheduler.development.js:256:34)
    at flushWork (webpack-internal:///(app-pages-browser)/./node_modules/next/dist/compiled/scheduler/cjs/scheduler.development.js:225:14)
    at MessagePort.performWorkUntilDeadline (webpack-internal:///(app-pages-browser)/./node_modules/next/dist/compiled/scheduler/cjs/scheduler.development.js:534:21) @ webpack-internal:///(app-pages-browser)/./node_modules/next/dist/client/app-index.js:32
[    1721ms] [ERROR] IntlError: MISSING_MESSAGE: Could not resolve `dashboard.live` in messages for locale `zh`.
    at getFallbackFromErrorAndNotify (webpack-internal:///(app-pages-browser)/./node_modules/use-intl/dist/development/createFormatter-QqAaZwGD.js:159:19)
    at translateBaseFn (webpack-internal:///(app-pages-browser)/./node_modules/use-intl/dist/development/createFormatter-QqAaZwGD.js:184:14)
    at translateFn (webpack-internal:///(app-pages-browser)/./node_modules/use-intl/dist/development/createFormatter-QqAaZwGD.js:258:20)
    at HeroChart (webpack-internal:///(app-pages-browser)/./src/components/dashboard/hero-chart.tsx:205:45)
    at renderWithHooksAgain (webpack-internal:///(app-pages-browser)/./node_modules/next/dist/compiled/react-dom/cjs/react-dom.development.js:11272:16)
    at renderWithHooks (webpack-internal:///(app-pages-browser)/./node_modules/next/dist/compiled/react-dom/cjs/react-dom.development.js:11135:18)
    at mountIndeterminateComponent (webpack-internal:///(app-pages-browser)/./node_modules/next/dist/compiled/react-dom/cjs/react-dom.development.js:16869:13)
    at beginWork$1 (webpack-internal:///(app-pages-browser)/./node_modules/next/dist/compiled/react-dom/cjs/react-dom.development.js:18458:16)
    at beginWork (webpack-internal:///(app-pages-browser)/./node_modules/next/dist/compiled/react-dom/cjs/react-dom.development.js:26927:14)
    at performUnitOfWork (webpack-internal:///(app-pages-browser)/./node_modules/next/dist/compiled/react-dom/cjs/react-dom.development.js:25748:12)
    at workLoopSync (webpack-internal:///(app-pages-browser)/./node_modules/next/dist/compiled/react-dom/cjs/react-dom.development.js:25464:5)
    at renderRootSync (webpack-internal:///(app-pages-browser)/./node_modules/next/dist/compiled/react-dom/cjs/react-dom.development.js:25419:7)
    at performConcurrentWorkOnRoot (webpack-internal:///(app-pages-browser)/./node_modules/next/dist/compiled/react-dom/cjs/react-dom.development.js:24504:74)
    at workLoop (webpack-internal:///(app-pages-browser)/./node_modules/next/dist/compiled/scheduler/cjs/scheduler.development.js:256:34)
    at flushWork (webpack-internal:///(app-pages-browser)/./node_modules/next/dist/compiled/scheduler/cjs/scheduler.development.js:225:14)
    at MessagePort.performWorkUntilDeadline (webpack-internal:///(app-pages-browser)/./node_modules/next/dist/compiled/scheduler/cjs/scheduler.development.js:534:21) @ webpack-internal:///(app-pages-browser)/./node_modules/next/dist/client/app-index.js:32
[    1721ms] [ERROR] IntlError: MISSING_MESSAGE: Could not resolve `dashboard.swipeHint` in messages for locale `zh`.
    at getFallbackFromErrorAndNotify (webpack-internal:///(app-pages-browser)/./node_modules/use-intl/dist/development/createFormatter-QqAaZwGD.js:159:19)
    at translateBaseFn (webpack-internal:///(app-pages-browser)/./node_modules/use-intl/dist/development/createFormatter-QqAaZwGD.js:184:14)
    at translateFn (webpack-internal:///(app-pages-browser)/./node_modules/use-intl/dist/development/createFormatter-QqAaZwGD.js:258:20)
    at HeroChart (webpack-internal:///(app-pages-browser)/./src/components/dashboard/hero-chart.tsx:559:35)
    at renderWithHooksAgain (webpack-internal:///(app-pages-browser)/./node_modules/next/dist/compiled/react-dom/cjs/react-dom.development.js:11272:16)
    at renderWithHooks (webpack-internal:///(app-pages-browser)/./node_modules/next/dist/compiled/react-dom/cjs/react-dom.development.js:11135:18)
    at mountIndeterminateComponent (webpack-internal:///(app-pages-browser)/./node_modules/next/dist/compiled/react-dom/cjs/react-dom.development.js:16869:13)
    at beginWork$1 (webpack-internal:///(app-pages-browser)/./node_modules/next/dist/compiled/react-dom/cjs/react-dom.development.js:18458:16)
    at beginWork (webpack-internal:///(app-pages-browser)/./node_modules/next/dist/compiled/react-dom/cjs/react-dom.development.js:26927:14)
    at performUnitOfWork (webpack-internal:///(app-pages-browser)/./node_modules/next/dist/compiled/react-dom/cjs/react-dom.development.js:25748:12)
    at workLoopSync (webpack-internal:///(app-pages-browser)/./node_modules/next/dist/compiled/react-dom/cjs/react-dom.development.js:25464:5)
    at renderRootSync (webpack-internal:///(app-pages-browser)/./node_modules/next/dist/compiled/react-dom/cjs/react-dom.development.js:25419:7)
    at performConcurrentWorkOnRoot (webpack-internal:///(app-pages-browser)/./node_modules/next/dist/compiled/react-dom/cjs/react-dom.development.js:24504:74)
    at workLoop (webpack-internal:///(app-pages-browser)/./node_modules/next/dist/compiled/scheduler/cjs/scheduler.development.js:256:34)
    at flushWork (webpack-internal:///(app-pages-browser)/./node_modules/next/dist/compiled/scheduler/cjs/scheduler.development.js:225:14)
    at MessagePort.performWorkUntilDeadline (webpack-internal:///(app-pages-browser)/./node_modules/next/dist/compiled/scheduler/cjs/scheduler.development.js:534:21) @ webpack-internal:///(app-pages-browser)/./node_modules/next/dist/client/app-index.js:32
[    1728ms] [ERROR] IntlError: MISSING_MESSAGE: Could not resolve `dashboard.latestNews` in messages for locale `zh`.
    at getFallbackFromErrorAndNotify (webpack-internal:///(app-pages-browser)/./node_modules/use-intl/dist/development/createFormatter-QqAaZwGD.js:159:19)
    at translateBaseFn (webpack-internal:///(app-pages-browser)/./node_modules/use-intl/dist/development/createFormatter-QqAaZwGD.js:184:14)
    at translateFn (webpack-internal:///(app-pages-browser)/./node_modules/use-intl/dist/development/createFormatter-QqAaZwGD.js:258:20)
    at NewsFeed (webpack-internal:///(app-pages-browser)/./src/components/dashboard/news-feed.tsx:313:35)
    at renderWithHooks (webpack-internal:///(app-pages-browser)/./node_modules/next/dist/compiled/react-dom/cjs/react-dom.development.js:11121:18)
    at mountIndeterminateComponent (webpack-internal:///(app-pages-browser)/./node_modules/next/dist/compiled/react-dom/cjs/react-dom.development.js:16869:13)
    at beginWork$1 (webpack-internal:///(app-pages-browser)/./node_modules/next/dist/compiled/react-dom/cjs/react-dom.development.js:18458:16)
    at beginWork (webpack-internal:///(app-pages-browser)/./node_modules/next/dist/compiled/react-dom/cjs/react-dom.development.js:26927:14)
    at performUnitOfWork (webpack-internal:///(app-pages-browser)/./node_modules/next/dist/compiled/react-dom/cjs/react-dom.development.js:25748:12)
    at workLoopSync (webpack-internal:///(app-pages-browser)/./node_modules/next/dist/compiled/react-dom/cjs/react-dom.development.js:25464:5)
    at renderRootSync (webpack-internal:///(app-pages-browser)/./node_modules/next/dist/compiled/react-dom/cjs/react-dom.development.js:25419:7)
    at performConcurrentWorkOnRoot (webpack-internal:///(app-pages-browser)/./node_modules/next/dist/compiled/react-dom/cjs/react-dom.development.js:24504:74)
    at workLoop (webpack-internal:///(app-pages-browser)/./node_modules/next/dist/compiled/scheduler/cjs/scheduler.development.js:256:34)
    at flushWork (webpack-internal:///(app-pages-browser)/./node_modules/next/dist/compiled/scheduler/cjs/scheduler.development.js:225:14)
    at MessagePort.performWorkUntilDeadline (webpack-internal:///(app-pages-browser)/./node_modules/next/dist/compiled/scheduler/cjs/scheduler.development.js:534:21) @ webpack-internal:///(app-pages-browser)/./node_modules/next/dist/client/app-index.js:32
[    1728ms] [ERROR] IntlError: MISSING_MESSAGE: Could not resolve `dashboard.viewAll` in messages for locale `zh`.
    at getFallbackFromErrorAndNotify (webpack-internal:///(app-pages-browser)/./node_modules/use-intl/dist/development/createFormatter-QqAaZwGD.js:159:19)
    at translateBaseFn (webpack-internal:///(app-pages-browser)/./node_modules/use-intl/dist/development/createFormatter-QqAaZwGD.js:184:14)
    at translateFn (webpack-internal:///(app-pages-browser)/./node_modules/use-intl/dist/development/createFormatter-QqAaZwGD.js:258:20)
    at NewsFeed (webpack-internal:///(app-pages-browser)/./src/components/dashboard/news-feed.tsx:323:29)
    at renderWithHooks (webpack-internal:///(app-pages-browser)/./node_modules/next/dist/compiled/react-dom/cjs/react-dom.development.js:11121:18)
    at mountIndeterminateComponent (webpack-internal:///(app-pages-browser)/./node_modules/next/dist/compiled/react-dom/cjs/react-dom.development.js:16869:13)
    at beginWork$1 (webpack-internal:///(app-pages-browser)/./node_modules/next/dist/compiled/react-dom/cjs/react-dom.development.js:18458:16)
    at beginWork (webpack-internal:///(app-pages-browser)/./node_modules/next/dist/compiled/react-dom/cjs/react-dom.development.js:26927:14)
    at performUnitOfWork (webpack-internal:///(app-pages-browser)/./node_modules/next/dist/compiled/react-dom/cjs/react-dom.development.js:25748:12)
    at workLoopSync (webpack-internal:///(app-pages-browser)/./node_modules/next/dist/compiled/react-dom/cjs/react-dom.development.js:25464:5)
    at renderRootSync (webpack-internal:///(app-pages-browser)/./node_modules/next/dist/compiled/react-dom/cjs/react-dom.development.js:25419:7)
    at performConcurrentWorkOnRoot (webpack-internal:///(app-pages-browser)/./node_modules/next/dist/compiled/react-dom/cjs/react-dom.development.js:24504:74)
    at workLoop (webpack-internal:///(app-pages-browser)/./node_modules/next/dist/compiled/scheduler/cjs/scheduler.development.js:256:34)
    at flushWork (webpack-internal:///(app-pages-browser)/./node_modules/next/dist/compiled/scheduler/cjs/scheduler.development.js:225:14)
    at MessagePort.performWorkUntilDeadline (webpack-internal:///(app-pages-browser)/./node_modules/next/dist/compiled/scheduler/cjs/scheduler.development.js:534:21) @ webpack-internal:///(app-pages-browser)/./node_modules/next/dist/client/app-index.js:32
[    1728ms] [ERROR] IntlError: MISSING_MESSAGE: Could not resolve `dashboard.latestNews` in messages for locale `zh`.
    at getFallbackFromErrorAndNotify (webpack-internal:///(app-pages-browser)/./node_modules/use-intl/dist/development/createFormatter-QqAaZwGD.js:159:19)
    at translateBaseFn (webpack-internal:///(app-pages-browser)/./node_modules/use-intl/dist/development/createFormatter-QqAaZwGD.js:184:14)
    at translateFn (webpack-internal:///(app-pages-browser)/./node_modules/use-intl/dist/development/createFormatter-QqAaZwGD.js:258:20)
    at NewsFeed (webpack-internal:///(app-pages-browser)/./src/components/dashboard/news-feed.tsx:313:35)
    at renderWithHooksAgain (webpack-internal:///(app-pages-browser)/./node_modules/next/dist/compiled/react-dom/cjs/react-dom.development.js:11272:16)
    at renderWithHooks (webpack-internal:///(app-pages-browser)/./node_modules/next/dist/compiled/react-dom/cjs/react-dom.development.js:11135:18)
    at mountIndeterminateComponent (webpack-internal:///(app-pages-browser)/./node_modules/next/dist/compiled/react-dom/cjs/react-dom.development.js:16869:13)
    at beginWork$1 (webpack-internal:///(app-pages-browser)/./node_modules/next/dist/compiled/react-dom/cjs/react-dom.development.js:18458:16)
    at beginWork (webpack-internal:///(app-pages-browser)/./node_modules/next/dist/compiled/react-dom/cjs/react-dom.development.js:26927:14)
    at performUnitOfWork (webpack-internal:///(app-pages-browser)/./node_modules/next/dist/compiled/react-dom/cjs/react-dom.development.js:25748:12)
    at workLoopSync (webpack-internal:///(app-pages-browser)/./node_modules/next/dist/compiled/react-dom/cjs/react-dom.development.js:25464:5)
    at renderRootSync (webpack-internal:///(app-pages-browser)/./node_modules/next/dist/compiled/react-dom/cjs/react-dom.development.js:25419:7)
    at performConcurrentWorkOnRoot (webpack-internal:///(app-pages-browser)/./node_modules/next/dist/compiled/react-dom/cjs/react-dom.development.js:24504:74)
    at workLoop (webpack-internal:///(app-pages-browser)/./node_modules/next/dist/compiled/scheduler/cjs/scheduler.development.js:256:34)
    at flushWork (webpack-internal:///(app-pages-browser)/./node_modules/next/dist/compiled/scheduler/cjs/scheduler.development.js:225:14)
    at MessagePort.performWorkUntilDeadline (webpack-internal:///(app-pages-browser)/./node_modules/next/dist/compiled/scheduler/cjs/scheduler.development.js:534:21) @ webpack-internal:///(app-pages-browser)/./node_modules/next/dist/client/app-index.js:32
[    1728ms] [ERROR] IntlError: MISSING_MESSAGE: Could not resolve `dashboard.viewAll` in messages for locale `zh`.
    at getFallbackFromErrorAndNotify (webpack-internal:///(app-pages-browser)/./node_modules/use-intl/dist/development/createFormatter-QqAaZwGD.js:159:19)
    at translateBaseFn (webpack-internal:///(app-pages-browser)/./node_modules/use-intl/dist/development/createFormatter-QqAaZwGD.js:184:14)
    at translateFn (webpack-internal:///(app-pages-browser)/./node_modules/use-intl/dist/development/createFormatter-QqAaZwGD.js:258:20)
    at NewsFeed (webpack-internal:///(app-pages-browser)/./src/components/dashboard/news-feed.tsx:323:29)
    at renderWithHooksAgain (webpack-internal:///(app-pages-browser)/./node_modules/next/dist/compiled/react-dom/cjs/react-dom.development.js:11272:16)
    at renderWithHooks (webpack-internal:///(app-pages-browser)/./node_modules/next/dist/compiled/react-dom/cjs/react-dom.development.js:11135:18)
    at mountIndeterminateComponent (webpack-internal:///(app-pages-browser)/./node_modules/next/dist/compiled/react-dom/cjs/react-dom.development.js:16869:13)
    at beginWork$1 (webpack-internal:///(app-pages-browser)/./node_modules/next/dist/compiled/react-dom/cjs/react-dom.development.js:18458:16)
    at beginWork (webpack-internal:///(app-pages-browser)/./node_modules/next/dist/compiled/react-dom/cjs/react-dom.development.js:26927:14)
    at performUnitOfWork (webpack-internal:///(app-pages-browser)/./node_modules/next/dist/compiled/react-dom/cjs/react-dom.development.js:25748:12)
    at workLoopSync (webpack-internal:///(app-pages-browser)/./node_modules/next/dist/compiled/react-dom/cjs/react-dom.development.js:25464:5)
    at renderRootSync (webpack-internal:///(app-pages-browser)/./node_modules/next/dist/compiled/react-dom/cjs/react-dom.development.js:25419:7)
    at performConcurrentWorkOnRoot (webpack-internal:///(app-pages-browser)/./node_modules/next/dist/compiled/react-dom/cjs/react-dom.development.js:24504:74)
    at workLoop (webpack-internal:///(app-pages-browser)/./node_modules/next/dist/compiled/scheduler/cjs/scheduler.development.js:256:34)
    at flushWork (webpack-internal:///(app-pages-browser)/./node_modules/next/dist/compiled/scheduler/cjs/scheduler.development.js:225:14)
    at MessagePort.performWorkUntilDeadline (webpack-internal:///(app-pages-browser)/./node_modules/next/dist/compiled/scheduler/cjs/scheduler.development.js:534:21) @ webpack-internal:///(app-pages-browser)/./node_modules/next/dist/client/app-index.js:32
[    1786ms] [ERROR] IntlError: MISSING_MESSAGE: Could not resolve `dashboard.live` in messages for locale `zh`.
    at getFallbackFromErrorAndNotify (webpack-internal:///(app-pages-browser)/./node_modules/use-intl/dist/development/createFormatter-QqAaZwGD.js:159:19)
    at translateBaseFn (webpack-internal:///(app-pages-browser)/./node_modules/use-intl/dist/development/createFormatter-QqAaZwGD.js:184:14)
    at translateFn (webpack-internal:///(app-pages-browser)/./node_modules/use-intl/dist/development/createFormatter-QqAaZwGD.js:258:20)
    at DashboardPage (webpack-internal:///(app-pages-browser)/./src/app/[locale]/(main)/page.tsx:54:99)
    at renderWithHooks (webpack-internal:///(app-pages-browser)/./node_modules/next/dist/compiled/react-dom/cjs/react-dom.development.js:11121:18)
    at updateFunctionComponent (webpack-internal:///(app-pages-browser)/./node_modules/next/dist/compiled/react-dom/cjs/react-dom.development.js:16290:20)
    at beginWork$1 (webpack-internal:///(app-pages-browser)/./node_modules/next/dist/compiled/react-dom/cjs/react-dom.development.js:18472:16)
    at beginWork (webpack-internal:///(app-pages-browser)/./node_modules/next/dist/compiled/react-dom/cjs/react-dom.development.js:26927:14)
    at performUnitOfWork (webpack-internal:///(app-pages-browser)/./node_modules/next/dist/compiled/react-dom/cjs/react-dom.development.js:25748:12)
    at workLoopSync (webpack-internal:///(app-pages-browser)/./node_modules/next/dist/compiled/react-dom/cjs/react-dom.development.js:25464:5)
    at renderRootSync (webpack-internal:///(app-pages-browser)/./node_modules/next/dist/compiled/react-dom/cjs/react-dom.development.js:25419:7)
    at performConcurrentWorkOnRoot (webpack-internal:///(app-pages-browser)/./node_modules/next/dist/compiled/react-dom/cjs/react-dom.development.js:24504:74)
    at workLoop (webpack-internal:///(app-pages-browser)/./node_modules/next/dist/compiled/scheduler/cjs/scheduler.development.js:256:34)
    at flushWork (webpack-internal:///(app-pages-browser)/./node_modules/next/dist/compiled/scheduler/cjs/scheduler.development.js:225:14)
    at MessagePort.performWorkUntilDeadline (webpack-internal:///(app-pages-browser)/./node_modules/next/dist/compiled/scheduler/cjs/scheduler.development.js:534:21) @ webpack-internal:///(app-pages-browser)/./node_modules/next/dist/client/app-index.js:32
[    1786ms] [ERROR] IntlError: MISSING_MESSAGE: Could not resolve `dashboard.greeting` in messages for locale `zh`.
    at getFallbackFromErrorAndNotify (webpack-internal:///(app-pages-browser)/./node_modules/use-intl/dist/development/createFormatter-QqAaZwGD.js:159:19)
    at translateBaseFn (webpack-internal:///(app-pages-browser)/./node_modules/use-intl/dist/development/createFormatter-QqAaZwGD.js:184:14)
    at translateFn (webpack-internal:///(app-pages-browser)/./node_modules/use-intl/dist/development/createFormatter-QqAaZwGD.js:258:20)
    at DashboardPage (webpack-internal:///(app-pages-browser)/./src/app/[locale]/(main)/page.tsx:81:51)
    at renderWithHooks (webpack-internal:///(app-pages-browser)/./node_modules/next/dist/compiled/react-dom/cjs/react-dom.development.js:11121:18)
    at updateFunctionComponent (webpack-internal:///(app-pages-browser)/./node_modules/next/dist/compiled/react-dom/cjs/react-dom.development.js:16290:20)
    at beginWork$1 (webpack-internal:///(app-pages-browser)/./node_modules/next/dist/compiled/react-dom/cjs/react-dom.development.js:18472:16)
    at beginWork (webpack-internal:///(app-pages-browser)/./node_modules/next/dist/compiled/react-dom/cjs/react-dom.development.js:26927:14)
    at performUnitOfWork (webpack-internal:///(app-pages-browser)/./node_modules/next/dist/compiled/react-dom/cjs/react-dom.development.js:25748:12)
    at workLoopSync (webpack-internal:///(app-pages-browser)/./node_modules/next/dist/compiled/react-dom/cjs/react-dom.development.js:25464:5)
    at renderRootSync (webpack-internal:///(app-pages-browser)/./node_modules/next/dist/compiled/react-dom/cjs/react-dom.development.js:25419:7)
    at performConcurrentWorkOnRoot (webpack-internal:///(app-pages-browser)/./node_modules/next/dist/compiled/react-dom/cjs/react-dom.development.js:24504:74)
    at workLoop (webpack-internal:///(app-pages-browser)/./node_modules/next/dist/compiled/scheduler/cjs/scheduler.development.js:256:34)
    at flushWork (webpack-internal:///(app-pages-browser)/./node_modules/next/dist/compiled/scheduler/cjs/scheduler.development.js:225:14)
    at MessagePort.performWorkUntilDeadline (webpack-internal:///(app-pages-browser)/./node_modules/next/dist/compiled/scheduler/cjs/scheduler.development.js:534:21) @ webpack-internal:///(app-pages-browser)/./node_modules/next/dist/client/app-index.js:32
[    1786ms] [ERROR] IntlError: MISSING_MESSAGE: Could not resolve `dashboard.lastUpdated` in messages for locale `zh`.
    at getFallbackFromErrorAndNotify (webpack-internal:///(app-pages-browser)/./node_modules/use-intl/dist/development/createFormatter-QqAaZwGD.js:159:19)
    at translateBaseFn (webpack-internal:///(app-pages-browser)/./node_modules/use-intl/dist/development/createFormatter-QqAaZwGD.js:184:14)
    at translateFn (webpack-internal:///(app-pages-browser)/./node_modules/use-intl/dist/development/createFormatter-QqAaZwGD.js:258:20)
    at DashboardPage (webpack-internal:///(app-pages-browser)/./src/app/[locale]/(main)/page.tsx:109:45)
    at renderWithHooks (webpack-internal:///(app-pages-browser)/./node_modules/next/dist/compiled/react-dom/cjs/react-dom.development.js:11121:18)
    at updateFunctionComponent (webpack-internal:///(app-pages-browser)/./node_modules/next/dist/compiled/react-dom/cjs/react-dom.development.js:16290:20)
    at beginWork$1 (webpack-internal:///(app-pages-browser)/./node_modules/next/dist/compiled/react-dom/cjs/react-dom.development.js:18472:16)
    at beginWork (webpack-internal:///(app-pages-browser)/./node_modules/next/dist/compiled/react-dom/cjs/react-dom.development.js:26927:14)
    at performUnitOfWork (webpack-internal:///(app-pages-browser)/./node_modules/next/dist/compiled/react-dom/cjs/react-dom.development.js:25748:12)
    at workLoopSync (webpack-internal:///(app-pages-browser)/./node_modules/next/dist/compiled/react-dom/cjs/react-dom.development.js:25464:5)
    at renderRootSync (webpack-internal:///(app-pages-browser)/./node_modules/next/dist/compiled/react-dom/cjs/react-dom.development.js:25419:7)
    at performConcurrentWorkOnRoot (webpack-internal:///(app-pages-browser)/./node_modules/next/dist/compiled/react-dom/cjs/react-dom.development.js:24504:74)
    at workLoop (webpack-internal:///(app-pages-browser)/./node_modules/next/dist/compiled/scheduler/cjs/scheduler.development.js:256:34)
    at flushWork (webpack-internal:///(app-pages-browser)/./node_modules/next/dist/compiled/scheduler/cjs/scheduler.development.js:225:14)
    at MessagePort.performWorkUntilDeadline (webpack-internal:///(app-pages-browser)/./node_modules/next/dist/compiled/scheduler/cjs/scheduler.development.js:534:21) @ webpack-internal:///(app-pages-browser)/./node_modules/next/dist/client/app-index.js:32
[    1787ms] [ERROR] IntlError: MISSING_MESSAGE: Could not resolve `dashboard.live` in messages for locale `zh`.
    at getFallbackFromErrorAndNotify (webpack-internal:///(app-pages-browser)/./node_modules/use-intl/dist/development/createFormatter-QqAaZwGD.js:159:19)
    at translateBaseFn (webpack-internal:///(app-pages-browser)/./node_modules/use-intl/dist/development/createFormatter-QqAaZwGD.js:184:14)
    at translateFn (webpack-internal:///(app-pages-browser)/./node_modules/use-intl/dist/development/createFormatter-QqAaZwGD.js:258:20)
    at DashboardPage (webpack-internal:///(app-pages-browser)/./src/app/[locale]/(main)/page.tsx:137:59)
    at renderWithHooks (webpack-internal:///(app-pages-browser)/./node_modules/next/dist/compiled/react-dom/cjs/react-dom.development.js:11121:18)
    at updateFunctionComponent (webpack-internal:///(app-pages-browser)/./node_modules/next/dist/compiled/react-dom/cjs/react-dom.development.js:16290:20)
    at beginWork$1 (webpack-internal:///(app-pages-browser)/./node_modules/next/dist/compiled/react-dom/cjs/react-dom.development.js:18472:16)
    at beginWork (webpack-internal:///(app-pages-browser)/./node_modules/next/dist/compiled/react-dom/cjs/react-dom.development.js:26927:14)
    at performUnitOfWork (webpack-internal:///(app-pages-browser)/./node_modules/next/dist/compiled/react-dom/cjs/react-dom.development.js:25748:12)
    at workLoopSync (webpack-internal:///(app-pages-browser)/./node_modules/next/dist/compiled/react-dom/cjs/react-dom.development.js:25464:5)
    at renderRootSync (webpack-internal:///(app-pages-browser)/./node_modules/next/dist/compiled/react-dom/cjs/react-dom.development.js:25419:7)
    at performConcurrentWorkOnRoot (webpack-internal:///(app-pages-browser)/./node_modules/next/dist/compiled/react-dom/cjs/react-dom.development.js:24504:74)
    at workLoop (webpack-internal:///(app-pages-browser)/./node_modules/next/dist/compiled/scheduler/cjs/scheduler.development.js:256:34)
    at flushWork (webpack-internal:///(app-pages-browser)/./node_modules/next/dist/compiled/scheduler/cjs/scheduler.development.js:225:14)
    at MessagePort.performWorkUntilDeadline (webpack-internal:///(app-pages-browser)/./node_modules/next/dist/compiled/scheduler/cjs/scheduler.development.js:534:21) @ webpack-internal:///(app-pages-browser)/./node_modules/next/dist/client/app-index.js:32
[    1787ms] [ERROR] IntlError: MISSING_MESSAGE: Could not resolve `dashboard.marketMovers` in messages for locale `zh`.
    at getFallbackFromErrorAndNotify (webpack-internal:///(app-pages-browser)/./node_modules/use-intl/dist/development/createFormatter-QqAaZwGD.js:159:19)
    at translateBaseFn (webpack-internal:///(app-pages-browser)/./node_modules/use-intl/dist/development/createFormatter-QqAaZwGD.js:184:14)
    at translateFn (webpack-internal:///(app-pages-browser)/./node_modules/use-intl/dist/development/createFormatter-QqAaZwGD.js:258:20)
    at DashboardPage (webpack-internal:///(app-pages-browser)/./src/app/[locale]/(main)/page.tsx:200:43)
    at renderWithHooks (webpack-internal:///(app-pages-browser)/./node_modules/next/dist/compiled/react-dom/cjs/react-dom.development.js:11121:18)
    at updateFunctionComponent (webpack-internal:///(app-pages-browser)/./node_modules/next/dist/compiled/react-dom/cjs/react-dom.development.js:16290:20)
    at beginWork$1 (webpack-internal:///(app-pages-browser)/./node_modules/next/dist/compiled/react-dom/cjs/react-dom.development.js:18472:16)
    at beginWork (webpack-internal:///(app-pages-browser)/./node_modules/next/dist/compiled/react-dom/cjs/react-dom.development.js:26927:14)
    at performUnitOfWork (webpack-internal:///(app-pages-browser)/./node_modules/next/dist/compiled/react-dom/cjs/react-dom.development.js:25748:12)
    at workLoopSync (webpack-internal:///(app-pages-browser)/./node_modules/next/dist/compiled/react-dom/cjs/react-dom.development.js:25464:5)
    at renderRootSync (webpack-internal:///(app-pages-browser)/./node_modules/next/dist/compiled/react-dom/cjs/react-dom.development.js:25419:7)
    at performConcurrentWorkOnRoot (webpack-internal:///(app-pages-browser)/./node_modules/next/dist/compiled/react-dom/cjs/react-dom.development.js:24504:74)
    at workLoop (webpack-internal:///(app-pages-browser)/./node_modules/next/dist/compiled/scheduler/cjs/scheduler.development.js:256:34)
    at flushWork (webpack-internal:///(app-pages-browser)/./node_modules/next/dist/compiled/scheduler/cjs/scheduler.development.js:225:14)
    at MessagePort.performWorkUntilDeadline (webpack-internal:///(app-pages-browser)/./node_modules/next/dist/compiled/scheduler/cjs/scheduler.development.js:534:21) @ webpack-internal:///(app-pages-browser)/./node_modules/next/dist/client/app-index.js:32
[    1787ms] [ERROR] IntlError: MISSING_MESSAGE: Could not resolve `dashboard.live` in messages for locale `zh`.
    at getFallbackFromErrorAndNotify (webpack-internal:///(app-pages-browser)/./node_modules/use-intl/dist/development/createFormatter-QqAaZwGD.js:159:19)
    at translateBaseFn (webpack-internal:///(app-pages-browser)/./node_modules/use-intl/dist/development/createFormatter-QqAaZwGD.js:184:14)
    at translateFn (webpack-internal:///(app-pages-browser)/./node_modules/use-intl/dist/development/createFormatter-QqAaZwGD.js:258:20)
    at DashboardPage (webpack-internal:///(app-pages-browser)/./src/app/[locale]/(main)/page.tsx:54:99)
    at renderWithHooksAgain (webpack-internal:///(app-pages-browser)/./node_modules/next/dist/compiled/react-dom/cjs/react-dom.development.js:11272:16)
    at renderWithHooks (webpack-internal:///(app-pages-browser)/./node_modules/next/dist/compiled/react-dom/cjs/react-dom.development.js:11135:18)
    at updateFunctionComponent (webpack-internal:///(app-pages-browser)/./node_modules/next/dist/compiled/react-dom/cjs/react-dom.development.js:16290:20)
    at beginWork$1 (webpack-internal:///(app-pages-browser)/./node_modules/next/dist/compiled/react-dom/cjs/react-dom.development.js:18472:16)
    at beginWork (webpack-internal:///(app-pages-browser)/./node_modules/next/dist/compiled/react-dom/cjs/react-dom.development.js:26927:14)
    at performUnitOfWork (webpack-internal:///(app-pages-browser)/./node_modules/next/dist/compiled/react-dom/cjs/react-dom.development.js:25748:12)
    at workLoopSync (webpack-internal:///(app-pages-browser)/./node_modules/next/dist/compiled/react-dom/cjs/react-dom.development.js:25464:5)
    at renderRootSync (webpack-internal:///(app-pages-browser)/./node_modules/next/dist/compiled/react-dom/cjs/react-dom.development.js:25419:7)
    at performConcurrentWorkOnRoot (webpack-internal:///(app-pages-browser)/./node_modules/next/dist/compiled/react-dom/cjs/react-dom.development.js:24504:74)
    at workLoop (webpack-internal:///(app-pages-browser)/./node_modules/next/dist/compiled/scheduler/cjs/scheduler.development.js:256:34)
    at flushWork (webpack-internal:///(app-pages-browser)/./node_modules/next/dist/compiled/scheduler/cjs/scheduler.development.js:225:14)
    at MessagePort.performWorkUntilDeadline (webpack-internal:///(app-pages-browser)/./node_modules/next/dist/compiled/scheduler/cjs/scheduler.development.js:534:21) @ webpack-internal:///(app-pages-browser)/./node_modules/next/dist/client/app-index.js:32
[    1787ms] [ERROR] IntlError: MISSING_MESSAGE: Could not resolve `dashboard.greeting` in messages for locale `zh`.
    at getFallbackFromErrorAndNotify (webpack-internal:///(app-pages-browser)/./node_modules/use-intl/dist/development/createFormatter-QqAaZwGD.js:159:19)
    at translateBaseFn (webpack-internal:///(app-pages-browser)/./node_modules/use-intl/dist/development/createFormatter-QqAaZwGD.js:184:14)
    at translateFn (webpack-internal:///(app-pages-browser)/./node_modules/use-intl/dist/development/createFormatter-QqAaZwGD.js:258:20)
    at DashboardPage (webpack-internal:///(app-pages-browser)/./src/app/[locale]/(main)/page.tsx:81:51)
    at renderWithHooksAgain (webpack-internal:///(app-pages-browser)/./node_modules/next/dist/compiled/react-dom/cjs/react-dom.development.js:11272:16)
    at renderWithHooks (webpack-internal:///(app-pages-browser)/./node_modules/next/dist/compiled/react-dom/cjs/react-dom.development.js:11135:18)
    at updateFunctionComponent (webpack-internal:///(app-pages-browser)/./node_modules/next/dist/compiled/react-dom/cjs/react-dom.development.js:16290:20)
    at beginWork$1 (webpack-internal:///(app-pages-browser)/./node_modules/next/dist/compiled/react-dom/cjs/react-dom.development.js:18472:16)
    at beginWork (webpack-internal:///(app-pages-browser)/./node_modules/next/dist/compiled/react-dom/cjs/react-dom.development.js:26927:14)
    at performUnitOfWork (webpack-internal:///(app-pages-browser)/./node_modules/next/dist/compiled/react-dom/cjs/react-dom.development.js:25748:12)
    at workLoopSync (webpack-internal:///(app-pages-browser)/./node_modules/next/dist/compiled/react-dom/cjs/react-dom.development.js:25464:5)
    at renderRootSync (webpack-internal:///(app-pages-browser)/./node_modules/next/dist/compiled/react-dom/cjs/react-dom.development.js:25419:7)
    at performConcurrentWorkOnRoot (webpack-internal:///(app-pages-browser)/./node_modules/next/dist/compiled/react-dom/cjs/react-dom.development.js:24504:74)
    at workLoop (webpack-internal:///(app-pages-browser)/./node_modules/next/dist/compiled/scheduler/cjs/scheduler.development.js:256:34)
    at flushWork (webpack-internal:///(app-pages-browser)/./node_modules/next/dist/compiled/scheduler/cjs/scheduler.development.js:225:14)
    at MessagePort.performWorkUntilDeadline (webpack-internal:///(app-pages-browser)/./node_modules/next/dist/compiled/scheduler/cjs/scheduler.development.js:534:21) @ webpack-internal:///(app-pages-browser)/./node_modules/next/dist/client/app-index.js:32
[    1787ms] [ERROR] IntlError: MISSING_MESSAGE: Could not resolve `dashboard.lastUpdated` in messages for locale `zh`.
    at getFallbackFromErrorAndNotify (webpack-internal:///(app-pages-browser)/./node_modules/use-intl/dist/development/createFormatter-QqAaZwGD.js:159:19)
    at translateBaseFn (webpack-internal:///(app-pages-browser)/./node_modules/use-intl/dist/development/createFormatter-QqAaZwGD.js:184:14)
    at translateFn (webpack-internal:///(app-pages-browser)/./node_modules/use-intl/dist/development/createFormatter-QqAaZwGD.js:258:20)
    at DashboardPage (webpack-internal:///(app-pages-browser)/./src/app/[locale]/(main)/page.tsx:109:45)
    at renderWithHooksAgain (webpack-internal:///(app-pages-browser)/./node_modules/next/dist/compiled/react-dom/cjs/react-dom.development.js:11272:16)
    at renderWithHooks (webpack-internal:///(app-pages-browser)/./node_modules/next/dist/compiled/react-dom/cjs/react-dom.development.js:11135:18)
    at updateFunctionComponent (webpack-internal:///(app-pages-browser)/./node_modules/next/dist/compiled/react-dom/cjs/react-dom.development.js:16290:20)
    at beginWork$1 (webpack-internal:///(app-pages-browser)/./node_modules/next/dist/compiled/react-dom/cjs/react-dom.development.js:18472:16)
    at beginWork (webpack-internal:///(app-pages-browser)/./node_modules/next/dist/compiled/react-dom/cjs/react-dom.development.js:26927:14)
    at performUnitOfWork (webpack-internal:///(app-pages-browser)/./node_modules/next/dist/compiled/react-dom/cjs/react-dom.development.js:25748:12)
    at workLoopSync (webpack-internal:///(app-pages-browser)/./node_modules/next/dist/compiled/react-dom/cjs/react-dom.development.js:25464:5)
    at renderRootSync (webpack-internal:///(app-pages-browser)/./node_modules/next/dist/compiled/react-dom/cjs/react-dom.development.js:25419:7)
    at performConcurrentWorkOnRoot (webpack-internal:///(app-pages-browser)/./node_modules/next/dist/compiled/react-dom/cjs/react-dom.development.js:24504:74)
    at workLoop (webpack-internal:///(app-pages-browser)/./node_modules/next/dist/compiled/scheduler/cjs/scheduler.development.js:256:34)
    at flushWork (webpack-internal:///(app-pages-browser)/./node_modules/next/dist/compiled/scheduler/cjs/scheduler.development.js:225:14)
    at MessagePort.performWorkUntilDeadline (webpack-internal:///(app-pages-browser)/./node_modules/next/dist/compiled/scheduler/cjs/scheduler.development.js:534:21) @ webpack-internal:///(app-pages-browser)/./node_modules/next/dist/client/app-index.js:32
[    1787ms] [ERROR] IntlError: MISSING_MESSAGE: Could not resolve `dashboard.live` in messages for locale `zh`.
    at getFallbackFromErrorAndNotify (webpack-internal:///(app-pages-browser)/./node_modules/use-intl/dist/development/createFormatter-QqAaZwGD.js:159:19)
    at translateBaseFn (webpack-internal:///(app-pages-browser)/./node_modules/use-intl/dist/development/createFormatter-QqAaZwGD.js:184:14)
    at translateFn (webpack-internal:///(app-pages-browser)/./node_modules/use-intl/dist/development/createFormatter-QqAaZwGD.js:258:20)
    at DashboardPage (webpack-internal:///(app-pages-browser)/./src/app/[locale]/(main)/page.tsx:137:59)
    at renderWithHooksAgain (webpack-internal:///(app-pages-browser)/./node_modules/next/dist/compiled/react-dom/cjs/react-dom.development.js:11272:16)
    at renderWithHooks (webpack-internal:///(app-pages-browser)/./node_modules/next/dist/compiled/react-dom/cjs/react-dom.development.js:11135:18)
    at updateFunctionComponent (webpack-internal:///(app-pages-browser)/./node_modules/next/dist/compiled/react-dom/cjs/react-dom.development.js:16290:20)
    at beginWork$1 (webpack-internal:///(app-pages-browser)/./node_modules/next/dist/compiled/react-dom/cjs/react-dom.development.js:18472:16)
    at beginWork (webpack-internal:///(app-pages-browser)/./node_modules/next/dist/compiled/react-dom/cjs/react-dom.development.js:26927:14)
    at performUnitOfWork (webpack-internal:///(app-pages-browser)/./node_modules/next/dist/compiled/react-dom/cjs/react-dom.development.js:25748:12)
    at workLoopSync (webpack-internal:///(app-pages-browser)/./node_modules/next/dist/compiled/react-dom/cjs/react-dom.development.js:25464:5)
    at renderRootSync (webpack-internal:///(app-pages-browser)/./node_modules/next/dist/compiled/react-dom/cjs/react-dom.development.js:25419:7)
    at performConcurrentWorkOnRoot (webpack-internal:///(app-pages-browser)/./node_modules/next/dist/compiled/react-dom/cjs/react-dom.development.js:24504:74)
    at workLoop (webpack-internal:///(app-pages-browser)/./node_modules/next/dist/compiled/scheduler/cjs/scheduler.development.js:256:34)
    at flushWork (webpack-internal:///(app-pages-browser)/./node_modules/next/dist/compiled/scheduler/cjs/scheduler.development.js:225:14)
    at MessagePort.performWorkUntilDeadline (webpack-internal:///(app-pages-browser)/./node_modules/next/dist/compiled/scheduler/cjs/scheduler.development.js:534:21) @ webpack-internal:///(app-pages-browser)/./node_modules/next/dist/client/app-index.js:32
[    1788ms] [ERROR] IntlError: MISSING_MESSAGE: Could not resolve `dashboard.marketMovers` in messages for locale `zh`.
    at getFallbackFromErrorAndNotify (webpack-internal:///(app-pages-browser)/./node_modules/use-intl/dist/development/createFormatter-QqAaZwGD.js:159:19)
    at translateBaseFn (webpack-internal:///(app-pages-browser)/./node_modules/use-intl/dist/development/createFormatter-QqAaZwGD.js:184:14)
    at translateFn (webpack-internal:///(app-pages-browser)/./node_modules/use-intl/dist/development/createFormatter-QqAaZwGD.js:258:20)
    at DashboardPage (webpack-internal:///(app-pages-browser)/./src/app/[locale]/(main)/page.tsx:200:43)
    at renderWithHooksAgain (webpack-internal:///(app-pages-browser)/./node_modules/next/dist/compiled/react-dom/cjs/react-dom.development.js:11272:16)
    at renderWithHooks (webpack-internal:///(app-pages-browser)/./node_modules/next/dist/compiled/react-dom/cjs/react-dom.development.js:11135:18)
    at updateFunctionComponent (webpack-internal:///(app-pages-browser)/./node_modules/next/dist/compiled/react-dom/cjs/react-dom.development.js:16290:20)
    at beginWork$1 (webpack-internal:///(app-pages-browser)/./node_modules/next/dist/compiled/react-dom/cjs/react-dom.development.js:18472:16)
    at beginWork (webpack-internal:///(app-pages-browser)/./node_modules/next/dist/compiled/react-dom/cjs/react-dom.development.js:26927:14)
    at performUnitOfWork (webpack-internal:///(app-pages-browser)/./node_modules/next/dist/compiled/react-dom/cjs/react-dom.development.js:25748:12)
    at workLoopSync (webpack-internal:///(app-pages-browser)/./node_modules/next/dist/compiled/react-dom/cjs/react-dom.development.js:25464:5)
    at renderRootSync (webpack-internal:///(app-pages-browser)/./node_modules/next/dist/compiled/react-dom/cjs/react-dom.development.js:25419:7)
    at performConcurrentWorkOnRoot (webpack-internal:///(app-pages-browser)/./node_modules/next/dist/compiled/react-dom/cjs/react-dom.development.js:24504:74)
    at workLoop (webpack-internal:///(app-pages-browser)/./node_modules/next/dist/compiled/scheduler/cjs/scheduler.development.js:256:34)
    at flushWork (webpack-internal:///(app-pages-browser)/./node_modules/next/dist/compiled/scheduler/cjs/scheduler.development.js:225:14)
    at MessagePort.performWorkUntilDeadline (webpack-internal:///(app-pages-browser)/./node_modules/next/dist/compiled/scheduler/cjs/scheduler.development.js:534:21) @ webpack-internal:///(app-pages-browser)/./node_modules/next/dist/client/app-index.js:32
[    1788ms] [ERROR] IntlError: MISSING_MESSAGE: Could not resolve `dashboard.live` in messages for locale `zh`.
    at getFallbackFromErrorAndNotify (webpack-internal:///(app-pages-browser)/./node_modules/use-intl/dist/development/createFormatter-QqAaZwGD.js:159:19)
    at translateBaseFn (webpack-internal:///(app-pages-browser)/./node_modules/use-intl/dist/development/createFormatter-QqAaZwGD.js:184:14)
    at translateFn (webpack-internal:///(app-pages-browser)/./node_modules/use-intl/dist/development/createFormatter-QqAaZwGD.js:258:20)
    at HeroChart (webpack-internal:///(app-pages-browser)/./src/components/dashboard/hero-chart.tsx:205:45)
    at renderWithHooks (webpack-internal:///(app-pages-browser)/./node_modules/next/dist/compiled/react-dom/cjs/react-dom.development.js:11121:18)
    at updateFunctionComponent (webpack-internal:///(app-pages-browser)/./node_modules/next/dist/compiled/react-dom/cjs/react-dom.development.js:16290:20)
    at beginWork$1 (webpack-internal:///(app-pages-browser)/./node_modules/next/dist/compiled/react-dom/cjs/react-dom.development.js:18472:16)
    at beginWork (webpack-internal:///(app-pages-browser)/./node_modules/next/dist/compiled/react-dom/cjs/react-dom.development.js:26927:14)
    at performUnitOfWork (webpack-internal:///(app-pages-browser)/./node_modules/next/dist/compiled/react-dom/cjs/react-dom.development.js:25748:12)
    at workLoopSync (webpack-internal:///(app-pages-browser)/./node_modules/next/dist/compiled/react-dom/cjs/react-dom.development.js:25464:5)
    at renderRootSync (webpack-internal:///(app-pages-browser)/./node_modules/next/dist/compiled/react-dom/cjs/react-dom.development.js:25419:7)
    at performConcurrentWorkOnRoot (webpack-internal:///(app-pages-browser)/./node_modules/next/dist/compiled/react-dom/cjs/react-dom.development.js:24504:74)
    at workLoop (webpack-internal:///(app-pages-browser)/./node_modules/next/dist/compiled/scheduler/cjs/scheduler.development.js:256:34)
    at flushWork (webpack-internal:///(app-pages-browser)/./node_modules/next/dist/compiled/scheduler/cjs/scheduler.development.js:225:14)
    at MessagePort.performWorkUntilDeadline (webpack-internal:///(app-pages-browser)/./node_modules/next/dist/compiled/scheduler/cjs/scheduler.development.js:534:21) @ webpack-internal:///(app-pages-browser)/./node_modules/next/dist/client/app-index.js:32
[    1788ms] [ERROR] IntlError: MISSING_MESSAGE: Could not resolve `dashboard.swipeHint` in messages for locale `zh`.
    at getFallbackFromErrorAndNotify (webpack-internal:///(app-pages-browser)/./node_modules/use-intl/dist/development/createFormatter-QqAaZwGD.js:159:19)
    at translateBaseFn (webpack-internal:///(app-pages-browser)/./node_modules/use-intl/dist/development/createFormatter-QqAaZwGD.js:184:14)
    at translateFn (webpack-internal:///(app-pages-browser)/./node_modules/use-intl/dist/development/createFormatter-QqAaZwGD.js:258:20)
    at HeroChart (webpack-internal:///(app-pages-browser)/./src/components/dashboard/hero-chart.tsx:559:35)
    at renderWithHooks (webpack-internal:///(app-pages-browser)/./node_modules/next/dist/compiled/react-dom/cjs/react-dom.development.js:11121:18)
    at updateFunctionComponent (webpack-internal:///(app-pages-browser)/./node_modules/next/dist/compiled/react-dom/cjs/react-dom.development.js:16290:20)
    at beginWork$1 (webpack-internal:///(app-pages-browser)/./node_modules/next/dist/compiled/react-dom/cjs/react-dom.development.js:18472:16)
    at beginWork (webpack-internal:///(app-pages-browser)/./node_modules/next/dist/compiled/react-dom/cjs/react-dom.development.js:26927:14)
    at performUnitOfWork (webpack-internal:///(app-pages-browser)/./node_modules/next/dist/compiled/react-dom/cjs/react-dom.development.js:25748:12)
    at workLoopSync (webpack-internal:///(app-pages-browser)/./node_modules/next/dist/compiled/react-dom/cjs/react-dom.development.js:25464:5)
    at renderRootSync (webpack-internal:///(app-pages-browser)/./node_modules/next/dist/compiled/react-dom/cjs/react-dom.development.js:25419:7)
    at performConcurrentWorkOnRoot (webpack-internal:///(app-pages-browser)/./node_modules/next/dist/compiled/react-dom/cjs/react-dom.development.js:24504:74)
    at workLoop (webpack-internal:///(app-pages-browser)/./node_modules/next/dist/compiled/scheduler/cjs/scheduler.development.js:256:34)
    at flushWork (webpack-internal:///(app-pages-browser)/./node_modules/next/dist/compiled/scheduler/cjs/scheduler.development.js:225:14)
    at MessagePort.performWorkUntilDeadline (webpack-internal:///(app-pages-browser)/./node_modules/next/dist/compiled/scheduler/cjs/scheduler.development.js:534:21) @ webpack-internal:///(app-pages-browser)/./node_modules/next/dist/client/app-index.js:32
[    1789ms] [ERROR] IntlError: MISSING_MESSAGE: Could not resolve `dashboard.live` in messages for locale `zh`.
    at getFallbackFromErrorAndNotify (webpack-internal:///(app-pages-browser)/./node_modules/use-intl/dist/development/createFormatter-QqAaZwGD.js:159:19)
    at translateBaseFn (webpack-internal:///(app-pages-browser)/./node_modules/use-intl/dist/development/createFormatter-QqAaZwGD.js:184:14)
    at translateFn (webpack-internal:///(app-pages-browser)/./node_modules/use-intl/dist/development/createFormatter-QqAaZwGD.js:258:20)
    at HeroChart (webpack-internal:///(app-pages-browser)/./src/components/dashboard/hero-chart.tsx:205:45)
    at renderWithHooksAgain (webpack-internal:///(app-pages-browser)/./node_modules/next/dist/compiled/react-dom/cjs/react-dom.development.js:11272:16)
    at renderWithHooks (webpack-internal:///(app-pages-browser)/./node_modules/next/dist/compiled/react-dom/cjs/react-dom.development.js:11135:18)
    at updateFunctionComponent (webpack-internal:///(app-pages-browser)/./node_modules/next/dist/compiled/react-dom/cjs/react-dom.development.js:16290:20)
    at beginWork$1 (webpack-internal:///(app-pages-browser)/./node_modules/next/dist/compiled/react-dom/cjs/react-dom.development.js:18472:16)
    at beginWork (webpack-internal:///(app-pages-browser)/./node_modules/next/dist/compiled/react-dom/cjs/react-dom.development.js:26927:14)
    at performUnitOfWork (webpack-internal:///(app-pages-browser)/./node_modules/next/dist/compiled/react-dom/cjs/react-dom.development.js:25748:12)
    at workLoopSync (webpack-internal:///(app-pages-browser)/./node_modules/next/dist/compiled/react-dom/cjs/react-dom.development.js:25464:5)
    at renderRootSync (webpack-internal:///(app-pages-browser)/./node_modules/next/dist/compiled/react-dom/cjs/react-dom.development.js:25419:7)
    at performConcurrentWorkOnRoot (webpack-internal:///(app-pages-browser)/./node_modules/next/dist/compiled/react-dom/cjs/react-dom.development.js:24504:74)
    at workLoop (webpack-internal:///(app-pages-browser)/./node_modules/next/dist/compiled/scheduler/cjs/scheduler.development.js:256:34)
    at flushWork (webpack-internal:///(app-pages-browser)/./node_modules/next/dist/compiled/scheduler/cjs/scheduler.development.js:225:14)
    at MessagePort.performWorkUntilDeadline (webpack-internal:///(app-pages-browser)/./node_modules/next/dist/compiled/scheduler/cjs/scheduler.development.js:534:21) @ webpack-internal:///(app-pages-browser)/./node_modules/next/dist/client/app-index.js:32
[    1789ms] [ERROR] IntlError: MISSING_MESSAGE: Could not resolve `dashboard.swipeHint` in messages for locale `zh`.
    at getFallbackFromErrorAndNotify (webpack-internal:///(app-pages-browser)/./node_modules/use-intl/dist/development/createFormatter-QqAaZwGD.js:159:19)
    at translateBaseFn (webpack-internal:///(app-pages-browser)/./node_modules/use-intl/dist/development/createFormatter-QqAaZwGD.js:184:14)
    at translateFn (webpack-internal:///(app-pages-browser)/./node_modules/use-intl/dist/development/createFormatter-QqAaZwGD.js:258:20)
    at HeroChart (webpack-internal:///(app-pages-browser)/./src/components/dashboard/hero-chart.tsx:559:35)
    at renderWithHooksAgain (webpack-internal:///(app-pages-browser)/./node_modules/next/dist/compiled/react-dom/cjs/react-dom.development.js:11272:16)
    at renderWithHooks (webpack-internal:///(app-pages-browser)/./node_modules/next/dist/compiled/react-dom/cjs/react-dom.development.js:11135:18)
    at updateFunctionComponent (webpack-internal:///(app-pages-browser)/./node_modules/next/dist/compiled/react-dom/cjs/react-dom.development.js:16290:20)
    at beginWork$1 (webpack-internal:///(app-pages-browser)/./node_modules/next/dist/compiled/react-dom/cjs/react-dom.development.js:18472:16)
    at beginWork (webpack-internal:///(app-pages-browser)/./node_modules/next/dist/compiled/react-dom/cjs/react-dom.development.js:26927:14)
    at performUnitOfWork (webpack-internal:///(app-pages-browser)/./node_modules/next/dist/compiled/react-dom/cjs/react-dom.development.js:25748:12)
    at workLoopSync (webpack-internal:///(app-pages-browser)/./node_modules/next/dist/compiled/react-dom/cjs/react-dom.development.js:25464:5)
    at renderRootSync (webpack-internal:///(app-pages-browser)/./node_modules/next/dist/compiled/react-dom/cjs/react-dom.development.js:25419:7)
    at performConcurrentWorkOnRoot (webpack-internal:///(app-pages-browser)/./node_modules/next/dist/compiled/react-dom/cjs/react-dom.development.js:24504:74)
    at workLoop (webpack-internal:///(app-pages-browser)/./node_modules/next/dist/compiled/scheduler/cjs/scheduler.development.js:256:34)
    at flushWork (webpack-internal:///(app-pages-browser)/./node_modules/next/dist/compiled/scheduler/cjs/scheduler.development.js:225:14)
    at MessagePort.performWorkUntilDeadline (webpack-internal:///(app-pages-browser)/./node_modules/next/dist/compiled/scheduler/cjs/scheduler.development.js:534:21) @ webpack-internal:///(app-pages-browser)/./node_modules/next/dist/client/app-index.js:32
[    1795ms] [ERROR] IntlError: MISSING_MESSAGE: Could not resolve `dashboard.latestNews` in messages for locale `zh`.
    at getFallbackFromErrorAndNotify (webpack-internal:///(app-pages-browser)/./node_modules/use-intl/dist/development/createFormatter-QqAaZwGD.js:159:19)
    at translateBaseFn (webpack-internal:///(app-pages-browser)/./node_modules/use-intl/dist/development/createFormatter-QqAaZwGD.js:184:14)
    at translateFn (webpack-internal:///(app-pages-browser)/./node_modules/use-intl/dist/development/createFormatter-QqAaZwGD.js:258:20)
    at NewsFeed (webpack-internal:///(app-pages-browser)/./src/components/dashboard/news-feed.tsx:313:35)
    at renderWithHooks (webpack-internal:///(app-pages-browser)/./node_modules/next/dist/compiled/react-dom/cjs/react-dom.development.js:11121:18)
    at updateFunctionComponent (webpack-internal:///(app-pages-browser)/./node_modules/next/dist/compiled/react-dom/cjs/react-dom.development.js:16290:20)
    at beginWork$1 (webpack-internal:///(app-pages-browser)/./node_modules/next/dist/compiled/react-dom/cjs/react-dom.development.js:18472:16)
    at beginWork (webpack-internal:///(app-pages-browser)/./node_modules/next/dist/compiled/react-dom/cjs/react-dom.development.js:26927:14)
    at performUnitOfWork (webpack-internal:///(app-pages-browser)/./node_modules/next/dist/compiled/react-dom/cjs/react-dom.development.js:25748:12)
    at workLoopSync (webpack-internal:///(app-pages-browser)/./node_modules/next/dist/compiled/react-dom/cjs/react-dom.development.js:25464:5)
    at renderRootSync (webpack-internal:///(app-pages-browser)/./node_modules/next/dist/compiled/react-dom/cjs/react-dom.development.js:25419:7)
    at performConcurrentWorkOnRoot (webpack-internal:///(app-pages-browser)/./node_modules/next/dist/compiled/react-dom/cjs/react-dom.development.js:24504:74)
    at workLoop (webpack-internal:///(app-pages-browser)/./node_modules/next/dist/compiled/scheduler/cjs/scheduler.development.js:256:34)
    at flushWork (webpack-internal:///(app-pages-browser)/./node_modules/next/dist/compiled/scheduler/cjs/scheduler.development.js:225:14)
    at MessagePort.performWorkUntilDeadline (webpack-internal:///(app-pages-browser)/./node_modules/next/dist/compiled/scheduler/cjs/scheduler.development.js:534:21) @ webpack-internal:///(app-pages-browser)/./node_modules/next/dist/client/app-index.js:32
[    1795ms] [ERROR] IntlError: MISSING_MESSAGE: Could not resolve `dashboard.viewAll` in messages for locale `zh`.
    at getFallbackFromErrorAndNotify (webpack-internal:///(app-pages-browser)/./node_modules/use-intl/dist/development/createFormatter-QqAaZwGD.js:159:19)
    at translateBaseFn (webpack-internal:///(app-pages-browser)/./node_modules/use-intl/dist/development/createFormatter-QqAaZwGD.js:184:14)
    at translateFn (webpack-internal:///(app-pages-browser)/./node_modules/use-intl/dist/development/createFormatter-QqAaZwGD.js:258:20)
    at NewsFeed (webpack-internal:///(app-pages-browser)/./src/components/dashboard/news-feed.tsx:323:29)
    at renderWithHooks (webpack-internal:///(app-pages-browser)/./node_modules/next/dist/compiled/react-dom/cjs/react-dom.development.js:11121:18)
    at updateFunctionComponent (webpack-internal:///(app-pages-browser)/./node_modules/next/dist/compiled/react-dom/cjs/react-dom.development.js:16290:20)
    at beginWork$1 (webpack-internal:///(app-pages-browser)/./node_modules/next/dist/compiled/react-dom/cjs/react-dom.development.js:18472:16)
    at beginWork (webpack-internal:///(app-pages-browser)/./node_modules/next/dist/compiled/react-dom/cjs/react-dom.development.js:26927:14)
    at performUnitOfWork (webpack-internal:///(app-pages-browser)/./node_modules/next/dist/compiled/react-dom/cjs/react-dom.development.js:25748:12)
    at workLoopSync (webpack-internal:///(app-pages-browser)/./node_modules/next/dist/compiled/react-dom/cjs/react-dom.development.js:25464:5)
    at renderRootSync (webpack-internal:///(app-pages-browser)/./node_modules/next/dist/compiled/react-dom/cjs/react-dom.development.js:25419:7)
    at performConcurrentWorkOnRoot (webpack-internal:///(app-pages-browser)/./node_modules/next/dist/compiled/react-dom/cjs/react-dom.development.js:24504:74)
    at workLoop (webpack-internal:///(app-pages-browser)/./node_modules/next/dist/compiled/scheduler/cjs/scheduler.development.js:256:34)
    at flushWork (webpack-internal:///(app-pages-browser)/./node_modules/next/dist/compiled/scheduler/cjs/scheduler.development.js:225:14)
    at MessagePort.performWorkUntilDeadline (webpack-internal:///(app-pages-browser)/./node_modules/next/dist/compiled/scheduler/cjs/scheduler.development.js:534:21) @ webpack-internal:///(app-pages-browser)/./node_modules/next/dist/client/app-index.js:32
[    1796ms] [ERROR] IntlError: MISSING_MESSAGE: Could not resolve `dashboard.latestNews` in messages for locale `zh`.
    at getFallbackFromErrorAndNotify (webpack-internal:///(app-pages-browser)/./node_modules/use-intl/dist/development/createFormatter-QqAaZwGD.js:159:19)
    at translateBaseFn (webpack-internal:///(app-pages-browser)/./node_modules/use-intl/dist/development/createFormatter-QqAaZwGD.js:184:14)
    at translateFn (webpack-internal:///(app-pages-browser)/./node_modules/use-intl/dist/development/createFormatter-QqAaZwGD.js:258:20)
    at NewsFeed (webpack-internal:///(app-pages-browser)/./src/components/dashboard/news-feed.tsx:313:35)
    at renderWithHooksAgain (webpack-internal:///(app-pages-browser)/./node_modules/next/dist/compiled/react-dom/cjs/react-dom.development.js:11272:16)
    at renderWithHooks (webpack-internal:///(app-pages-browser)/./node_modules/next/dist/compiled/react-dom/cjs/react-dom.development.js:11135:18)
    at updateFunctionComponent (webpack-internal:///(app-pages-browser)/./node_modules/next/dist/compiled/react-dom/cjs/react-dom.development.js:16290:20)
    at beginWork$1 (webpack-internal:///(app-pages-browser)/./node_modules/next/dist/compiled/react-dom/cjs/react-dom.development.js:18472:16)
    at beginWork (webpack-internal:///(app-pages-browser)/./node_modules/next/dist/compiled/react-dom/cjs/react-dom.development.js:26927:14)
    at performUnitOfWork (webpack-internal:///(app-pages-browser)/./node_modules/next/dist/compiled/react-dom/cjs/react-dom.development.js:25748:12)
    at workLoopSync (webpack-internal:///(app-pages-browser)/./node_modules/next/dist/compiled/react-dom/cjs/react-dom.development.js:25464:5)
    at renderRootSync (webpack-internal:///(app-pages-browser)/./node_modules/next/dist/compiled/react-dom/cjs/react-dom.development.js:25419:7)
    at performConcurrentWorkOnRoot (webpack-internal:///(app-pages-browser)/./node_modules/next/dist/compiled/react-dom/cjs/react-dom.development.js:24504:74)
    at workLoop (webpack-internal:///(app-pages-browser)/./node_modules/next/dist/compiled/scheduler/cjs/scheduler.development.js:256:34)
    at flushWork (webpack-internal:///(app-pages-browser)/./node_modules/next/dist/compiled/scheduler/cjs/scheduler.development.js:225:14)
    at MessagePort.performWorkUntilDeadline (webpack-internal:///(app-pages-browser)/./node_modules/next/dist/compiled/scheduler/cjs/scheduler.development.js:534:21) @ webpack-internal:///(app-pages-browser)/./node_modules/next/dist/client/app-index.js:32
[    1796ms] [ERROR] IntlError: MISSING_MESSAGE: Could not resolve `dashboard.viewAll` in messages for locale `zh`.
    at getFallbackFromErrorAndNotify (webpack-internal:///(app-pages-browser)/./node_modules/use-intl/dist/development/createFormatter-QqAaZwGD.js:159:19)
    at translateBaseFn (webpack-internal:///(app-pages-browser)/./node_modules/use-intl/dist/development/createFormatter-QqAaZwGD.js:184:14)
    at translateFn (webpack-internal:///(app-pages-browser)/./node_modules/use-intl/dist/development/createFormatter-QqAaZwGD.js:258:20)
    at NewsFeed (webpack-internal:///(app-pages-browser)/./src/components/dashboard/news-feed.tsx:323:29)
    at renderWithHooksAgain (webpack-internal:///(app-pages-browser)/./node_modules/next/dist/compiled/react-dom/cjs/react-dom.development.js:11272:16)
    at renderWithHooks (webpack-internal:///(app-pages-browser)/./node_modules/next/dist/compiled/react-dom/cjs/react-dom.development.js:11135:18)
    at updateFunctionComponent (webpack-internal:///(app-pages-browser)/./node_modules/next/dist/compiled/react-dom/cjs/react-dom.development.js:16290:20)
    at beginWork$1 (webpack-internal:///(app-pages-browser)/./node_modules/next/dist/compiled/react-dom/cjs/react-dom.development.js:18472:16)
    at beginWork (webpack-internal:///(app-pages-browser)/./node_modules/next/dist/compiled/react-dom/cjs/react-dom.development.js:26927:14)
    at performUnitOfWork (webpack-internal:///(app-pages-browser)/./node_modules/next/dist/compiled/react-dom/cjs/react-dom.development.js:25748:12)
    at workLoopSync (webpack-internal:///(app-pages-browser)/./node_modules/next/dist/compiled/react-dom/cjs/react-dom.development.js:25464:5)
    at renderRootSync (webpack-internal:///(app-pages-browser)/./node_modules/next/dist/compiled/react-dom/cjs/react-dom.development.js:25419:7)
    at performConcurrentWorkOnRoot (webpack-internal:///(app-pages-browser)/./node_modules/next/dist/compiled/react-dom/cjs/react-dom.development.js:24504:74)
    at workLoop (webpack-internal:///(app-pages-browser)/./node_modules/next/dist/compiled/scheduler/cjs/scheduler.development.js:256:34)
    at flushWork (webpack-internal:///(app-pages-browser)/./node_modules/next/dist/compiled/scheduler/cjs/scheduler.development.js:225:14)
    at MessagePort.performWorkUntilDeadline (webpack-internal:///(app-pages-browser)/./node_modules/next/dist/compiled/scheduler/cjs/scheduler.development.js:534:21) @ webpack-internal:///(app-pages-browser)/./node_modules/next/dist/client/app-index.js:32
[    1804ms] [ERROR] IntlError: MISSING_MESSAGE: Could not resolve `dashboard.live` in messages for locale `zh`.
    at getFallbackFromErrorAndNotify (webpack-internal:///(app-pages-browser)/./node_modules/use-intl/dist/development/createFormatter-QqAaZwGD.js:159:19)
    at translateBaseFn (webpack-internal:///(app-pages-browser)/./node_modules/use-intl/dist/development/createFormatter-QqAaZwGD.js:184:14)
    at translateFn (webpack-internal:///(app-pages-browser)/./node_modules/use-intl/dist/development/createFormatter-QqAaZwGD.js:258:20)
    at DashboardPage (webpack-internal:///(app-pages-browser)/./src/app/[locale]/(main)/page.tsx:54:99)
    at renderWithHooks (webpack-internal:///(app-pages-browser)/./node_modules/next/dist/compiled/react-dom/cjs/react-dom.development.js:11121:18)
    at updateFunctionComponent (webpack-internal:///(app-pages-browser)/./node_modules/next/dist/compiled/react-dom/cjs/react-dom.development.js:16290:20)
    at beginWork$1 (webpack-internal:///(app-pages-browser)/./node_modules/next/dist/compiled/react-dom/cjs/react-dom.development.js:18472:16)
    at beginWork (webpack-internal:///(app-pages-browser)/./node_modules/next/dist/compiled/react-dom/cjs/react-dom.development.js:26927:14)
    at performUnitOfWork (webpack-internal:///(app-pages-browser)/./node_modules/next/dist/compiled/react-dom/cjs/react-dom.development.js:25748:12)
    at workLoopSync (webpack-internal:///(app-pages-browser)/./node_modules/next/dist/compiled/react-dom/cjs/react-dom.development.js:25464:5)
    at renderRootSync (webpack-internal:///(app-pages-browser)/./node_modules/next/dist/compiled/react-dom/cjs/react-dom.development.js:25419:7)
    at performSyncWorkOnRoot (webpack-internal:///(app-pages-browser)/./node_modules/next/dist/compiled/react-dom/cjs/react-dom.development.js:24887:20)
    at flushSyncWorkAcrossRoots_impl (webpack-internal:///(app-pages-browser)/./node_modules/next/dist/compiled/react-dom/cjs/react-dom.development.js:7758:13)
    at flushSyncWorkOnAllRoots (webpack-internal:///(app-pages-browser)/./node_modules/next/dist/compiled/react-dom/cjs/react-dom.development.js:7718:3)
    at processRootScheduleInMicrotask (webpack-internal:///(app-pages-browser)/./node_modules/next/dist/compiled/react-dom/cjs/react-dom.development.js:7863:3)
    at eval (webpack-internal:///(app-pages-browser)/./node_modules/next/dist/compiled/react-dom/cjs/react-dom.development.js:8034:7) @ webpack-internal:///(app-pages-browser)/./node_modules/next/dist/client/app-index.js:32
[    1805ms] [ERROR] IntlError: MISSING_MESSAGE: Could not resolve `dashboard.greeting` in messages for locale `zh`.
    at getFallbackFromErrorAndNotify (webpack-internal:///(app-pages-browser)/./node_modules/use-intl/dist/development/createFormatter-QqAaZwGD.js:159:19)
    at translateBaseFn (webpack-internal:///(app-pages-browser)/./node_modules/use-intl/dist/development/createFormatter-QqAaZwGD.js:184:14)
    at translateFn (webpack-internal:///(app-pages-browser)/./node_modules/use-intl/dist/development/createFormatter-QqAaZwGD.js:258:20)
    at DashboardPage (webpack-internal:///(app-pages-browser)/./src/app/[locale]/(main)/page.tsx:81:51)
    at renderWithHooks (webpack-internal:///(app-pages-browser)/./node_modules/next/dist/compiled/react-dom/cjs/react-dom.development.js:11121:18)
    at updateFunctionComponent (webpack-internal:///(app-pages-browser)/./node_modules/next/dist/compiled/react-dom/cjs/react-dom.development.js:16290:20)
    at beginWork$1 (webpack-internal:///(app-pages-browser)/./node_modules/next/dist/compiled/react-dom/cjs/react-dom.development.js:18472:16)
    at beginWork (webpack-internal:///(app-pages-browser)/./node_modules/next/dist/compiled/react-dom/cjs/react-dom.development.js:26927:14)
    at performUnitOfWork (webpack-internal:///(app-pages-browser)/./node_modules/next/dist/compiled/react-dom/cjs/react-dom.development.js:25748:12)
    at workLoopSync (webpack-internal:///(app-pages-browser)/./node_modules/next/dist/compiled/react-dom/cjs/react-dom.development.js:25464:5)
    at renderRootSync (webpack-internal:///(app-pages-browser)/./node_modules/next/dist/compiled/react-dom/cjs/react-dom.development.js:25419:7)
    at performSyncWorkOnRoot (webpack-internal:///(app-pages-browser)/./node_modules/next/dist/compiled/react-dom/cjs/react-dom.development.js:24887:20)
    at flushSyncWorkAcrossRoots_impl (webpack-internal:///(app-pages-browser)/./node_modules/next/dist/compiled/react-dom/cjs/react-dom.development.js:7758:13)
    at flushSyncWorkOnAllRoots (webpack-internal:///(app-pages-browser)/./node_modules/next/dist/compiled/react-dom/cjs/react-dom.development.js:7718:3)
    at processRootScheduleInMicrotask (webpack-internal:///(app-pages-browser)/./node_modules/next/dist/compiled/react-dom/cjs/react-dom.development.js:7863:3)
    at eval (webpack-internal:///(app-pages-browser)/./node_modules/next/dist/compiled/react-dom/cjs/react-dom.development.js:8034:7) @ webpack-internal:///(app-pages-browser)/./node_modules/next/dist/client/app-index.js:32
[    1805ms] [ERROR] IntlError: MISSING_MESSAGE: Could not resolve `dashboard.lastUpdated` in messages for locale `zh`.
    at getFallbackFromErrorAndNotify (webpack-internal:///(app-pages-browser)/./node_modules/use-intl/dist/development/createFormatter-QqAaZwGD.js:159:19)
    at translateBaseFn (webpack-internal:///(app-pages-browser)/./node_modules/use-intl/dist/development/createFormatter-QqAaZwGD.js:184:14)
    at translateFn (webpack-internal:///(app-pages-browser)/./node_modules/use-intl/dist/development/createFormatter-QqAaZwGD.js:258:20)
    at DashboardPage (webpack-internal:///(app-pages-browser)/./src/app/[locale]/(main)/page.tsx:109:45)
    at renderWithHooks (webpack-internal:///(app-pages-browser)/./node_modules/next/dist/compiled/react-dom/cjs/react-dom.development.js:11121:18)
    at updateFunctionComponent (webpack-internal:///(app-pages-browser)/./node_modules/next/dist/compiled/react-dom/cjs/react-dom.development.js:16290:20)
    at beginWork$1 (webpack-internal:///(app-pages-browser)/./node_modules/next/dist/compiled/react-dom/cjs/react-dom.development.js:18472:16)
    at beginWork (webpack-internal:///(app-pages-browser)/./node_modules/next/dist/compiled/react-dom/cjs/react-dom.development.js:26927:14)
    at performUnitOfWork (webpack-internal:///(app-pages-browser)/./node_modules/next/dist/compiled/react-dom/cjs/react-dom.development.js:25748:12)
    at workLoopSync (webpack-internal:///(app-pages-browser)/./node_modules/next/dist/compiled/react-dom/cjs/react-dom.development.js:25464:5)
    at renderRootSync (webpack-internal:///(app-pages-browser)/./node_modules/next/dist/compiled/react-dom/cjs/react-dom.development.js:25419:7)
    at performSyncWorkOnRoot (webpack-internal:///(app-pages-browser)/./node_modules/next/dist/compiled/react-dom/cjs/react-dom.development.js:24887:20)
    at flushSyncWorkAcrossRoots_impl (webpack-internal:///(app-pages-browser)/./node_modules/next/dist/compiled/react-dom/cjs/react-dom.development.js:7758:13)
    at flushSyncWorkOnAllRoots (webpack-internal:///(app-pages-browser)/./node_modules/next/dist/compiled/react-dom/cjs/react-dom.development.js:7718:3)
    at processRootScheduleInMicrotask (webpack-internal:///(app-pages-browser)/./node_modules/next/dist/compiled/react-dom/cjs/react-dom.development.js:7863:3)
    at eval (webpack-internal:///(app-pages-browser)/./node_modules/next/dist/compiled/react-dom/cjs/react-dom.development.js:8034:7) @ webpack-internal:///(app-pages-browser)/./node_modules/next/dist/client/app-index.js:32
[    1805ms] [ERROR] IntlError: MISSING_MESSAGE: Could not resolve `dashboard.live` in messages for locale `zh`.
    at getFallbackFromErrorAndNotify (webpack-internal:///(app-pages-browser)/./node_modules/use-intl/dist/development/createFormatter-QqAaZwGD.js:159:19)
    at translateBaseFn (webpack-internal:///(app-pages-browser)/./node_modules/use-intl/dist/development/createFormatter-QqAaZwGD.js:184:14)
    at translateFn (webpack-internal:///(app-pages-browser)/./node_modules/use-intl/dist/development/createFormatter-QqAaZwGD.js:258:20)
    at DashboardPage (webpack-internal:///(app-pages-browser)/./src/app/[locale]/(main)/page.tsx:137:59)
    at renderWithHooks (webpack-internal:///(app-pages-browser)/./node_modules/next/dist/compiled/react-dom/cjs/react-dom.development.js:11121:18)
    at updateFunctionComponent (webpack-internal:///(app-pages-browser)/./node_modules/next/dist/compiled/react-dom/cjs/react-dom.development.js:16290:20)
    at beginWork$1 (webpack-internal:///(app-pages-browser)/./node_modules/next/dist/compiled/react-dom/cjs/react-dom.development.js:18472:16)
    at beginWork (webpack-internal:///(app-pages-browser)/./node_modules/next/dist/compiled/react-dom/cjs/react-dom.development.js:26927:14)
    at performUnitOfWork (webpack-internal:///(app-pages-browser)/./node_modules/next/dist/compiled/react-dom/cjs/react-dom.development.js:25748:12)
    at workLoopSync (webpack-internal:///(app-pages-browser)/./node_modules/next/dist/compiled/react-dom/cjs/react-dom.development.js:25464:5)
    at renderRootSync (webpack-internal:///(app-pages-browser)/./node_modules/next/dist/compiled/react-dom/cjs/react-dom.development.js:25419:7)
    at performSyncWorkOnRoot (webpack-internal:///(app-pages-browser)/./node_modules/next/dist/compiled/react-dom/cjs/react-dom.development.js:24887:20)
    at flushSyncWorkAcrossRoots_impl (webpack-internal:///(app-pages-browser)/./node_modules/next/dist/compiled/react-dom/cjs/react-dom.development.js:7758:13)
    at flushSyncWorkOnAllRoots (webpack-internal:///(app-pages-browser)/./node_modules/next/dist/compiled/react-dom/cjs/react-dom.development.js:7718:3)
    at processRootScheduleInMicrotask (webpack-internal:///(app-pages-browser)/./node_modules/next/dist/compiled/react-dom/cjs/react-dom.development.js:7863:3)
    at eval (webpack-internal:///(app-pages-browser)/./node_modules/next/dist/compiled/react-dom/cjs/react-dom.development.js:8034:7) @ webpack-internal:///(app-pages-browser)/./node_modules/next/dist/client/app-index.js:32
[    1805ms] [ERROR] IntlError: MISSING_MESSAGE: Could not resolve `dashboard.marketMovers` in messages for locale `zh`.
    at getFallbackFromErrorAndNotify (webpack-internal:///(app-pages-browser)/./node_modules/use-intl/dist/development/createFormatter-QqAaZwGD.js:159:19)
    at translateBaseFn (webpack-internal:///(app-pages-browser)/./node_modules/use-intl/dist/development/createFormatter-QqAaZwGD.js:184:14)
    at translateFn (webpack-internal:///(app-pages-browser)/./node_modules/use-intl/dist/development/createFormatter-QqAaZwGD.js:258:20)
    at DashboardPage (webpack-internal:///(app-pages-browser)/./src/app/[locale]/(main)/page.tsx:200:43)
    at renderWithHooks (webpack-internal:///(app-pages-browser)/./node_modules/next/dist/compiled/react-dom/cjs/react-dom.development.js:11121:18)
    at updateFunctionComponent (webpack-internal:///(app-pages-browser)/./node_modules/next/dist/compiled/react-dom/cjs/react-dom.development.js:16290:20)
    at beginWork$1 (webpack-internal:///(app-pages-browser)/./node_modules/next/dist/compiled/react-dom/cjs/react-dom.development.js:18472:16)
    at beginWork (webpack-internal:///(app-pages-browser)/./node_modules/next/dist/compiled/react-dom/cjs/react-dom.development.js:26927:14)
    at performUnitOfWork (webpack-internal:///(app-pages-browser)/./node_modules/next/dist/compiled/react-dom/cjs/react-dom.development.js:25748:12)
    at workLoopSync (webpack-internal:///(app-pages-browser)/./node_modules/next/dist/compiled/react-dom/cjs/react-dom.development.js:25464:5)
    at renderRootSync (webpack-internal:///(app-pages-browser)/./node_modules/next/dist/compiled/react-dom/cjs/react-dom.development.js:25419:7)
    at performSyncWorkOnRoot (webpack-internal:///(app-pages-browser)/./node_modules/next/dist/compiled/react-dom/cjs/react-dom.development.js:24887:20)
    at flushSyncWorkAcrossRoots_impl (webpack-internal:///(app-pages-browser)/./node_modules/next/dist/compiled/react-dom/cjs/react-dom.development.js:7758:13)
    at flushSyncWorkOnAllRoots (webpack-internal:///(app-pages-browser)/./node_modules/next/dist/compiled/react-dom/cjs/react-dom.development.js:7718:3)
    at processRootScheduleInMicrotask (webpack-internal:///(app-pages-browser)/./node_modules/next/dist/compiled/react-dom/cjs/react-dom.development.js:7863:3)
    at eval (webpack-internal:///(app-pages-browser)/./node_modules/next/dist/compiled/react-dom/cjs/react-dom.development.js:8034:7) @ webpack-internal:///(app-pages-browser)/./node_modules/next/dist/client/app-index.js:32
[    1805ms] [ERROR] IntlError: MISSING_MESSAGE: Could not resolve `dashboard.live` in messages for locale `zh`.
    at getFallbackFromErrorAndNotify (webpack-internal:///(app-pages-browser)/./node_modules/use-intl/dist/development/createFormatter-QqAaZwGD.js:159:19)
    at translateBaseFn (webpack-internal:///(app-pages-browser)/./node_modules/use-intl/dist/development/createFormatter-QqAaZwGD.js:184:14)
    at translateFn (webpack-internal:///(app-pages-browser)/./node_modules/use-intl/dist/development/createFormatter-QqAaZwGD.js:258:20)
    at DashboardPage (webpack-internal:///(app-pages-browser)/./src/app/[locale]/(main)/page.tsx:54:99)
    at renderWithHooksAgain (webpack-internal:///(app-pages-browser)/./node_modules/next/dist/compiled/react-dom/cjs/react-dom.development.js:11272:16)
    at renderWithHooks (webpack-internal:///(app-pages-browser)/./node_modules/next/dist/compiled/react-dom/cjs/react-dom.development.js:11135:18)
    at updateFunctionComponent (webpack-internal:///(app-pages-browser)/./node_modules/next/dist/compiled/react-dom/cjs/react-dom.development.js:16290:20)
    at beginWork$1 (webpack-internal:///(app-pages-browser)/./node_modules/next/dist/compiled/react-dom/cjs/react-dom.development.js:18472:16)
    at beginWork (webpack-internal:///(app-pages-browser)/./node_modules/next/dist/compiled/react-dom/cjs/react-dom.development.js:26927:14)
    at performUnitOfWork (webpack-internal:///(app-pages-browser)/./node_modules/next/dist/compiled/react-dom/cjs/react-dom.development.js:25748:12)
    at workLoopSync (webpack-internal:///(app-pages-browser)/./node_modules/next/dist/compiled/react-dom/cjs/react-dom.development.js:25464:5)
    at renderRootSync (webpack-internal:///(app-pages-browser)/./node_modules/next/dist/compiled/react-dom/cjs/react-dom.development.js:25419:7)
    at performSyncWorkOnRoot (webpack-internal:///(app-pages-browser)/./node_modules/next/dist/compiled/react-dom/cjs/react-dom.development.js:24887:20)
    at flushSyncWorkAcrossRoots_impl (webpack-internal:///(app-pages-browser)/./node_modules/next/dist/compiled/react-dom/cjs/react-dom.development.js:7758:13)
    at flushSyncWorkOnAllRoots (webpack-internal:///(app-pages-browser)/./node_modules/next/dist/compiled/react-dom/cjs/react-dom.development.js:7718:3)
    at processRootScheduleInMicrotask (webpack-internal:///(app-pages-browser)/./node_modules/next/dist/compiled/react-dom/cjs/react-dom.development.js:7863:3)
    at eval (webpack-internal:///(app-pages-browser)/./node_modules/next/dist/compiled/react-dom/cjs/react-dom.development.js:8034:7) @ webpack-internal:///(app-pages-browser)/./node_modules/next/dist/client/app-index.js:32
[    1805ms] [ERROR] IntlError: MISSING_MESSAGE: Could not resolve `dashboard.greeting` in messages for locale `zh`.
    at getFallbackFromErrorAndNotify (webpack-internal:///(app-pages-browser)/./node_modules/use-intl/dist/development/createFormatter-QqAaZwGD.js:159:19)
    at translateBaseFn (webpack-internal:///(app-pages-browser)/./node_modules/use-intl/dist/development/createFormatter-QqAaZwGD.js:184:14)
    at translateFn (webpack-internal:///(app-pages-browser)/./node_modules/use-intl/dist/development/createFormatter-QqAaZwGD.js:258:20)
    at DashboardPage (webpack-internal:///(app-pages-browser)/./src/app/[locale]/(main)/page.tsx:81:51)
    at renderWithHooksAgain (webpack-internal:///(app-pages-browser)/./node_modules/next/dist/compiled/react-dom/cjs/react-dom.development.js:11272:16)
    at renderWithHooks (webpack-internal:///(app-pages-browser)/./node_modules/next/dist/compiled/react-dom/cjs/react-dom.development.js:11135:18)
    at updateFunctionComponent (webpack-internal:///(app-pages-browser)/./node_modules/next/dist/compiled/react-dom/cjs/react-dom.development.js:16290:20)
    at beginWork$1 (webpack-internal:///(app-pages-browser)/./node_modules/next/dist/compiled/react-dom/cjs/react-dom.development.js:18472:16)
    at beginWork (webpack-internal:///(app-pages-browser)/./node_modules/next/dist/compiled/react-dom/cjs/react-dom.development.js:26927:14)
    at performUnitOfWork (webpack-internal:///(app-pages-browser)/./node_modules/next/dist/compiled/react-dom/cjs/react-dom.development.js:25748:12)
    at workLoopSync (webpack-internal:///(app-pages-browser)/./node_modules/next/dist/compiled/react-dom/cjs/react-dom.development.js:25464:5)
    at renderRootSync (webpack-internal:///(app-pages-browser)/./node_modules/next/dist/compiled/react-dom/cjs/react-dom.development.js:25419:7)
    at performSyncWorkOnRoot (webpack-internal:///(app-pages-browser)/./node_modules/next/dist/compiled/react-dom/cjs/react-dom.development.js:24887:20)
    at flushSyncWorkAcrossRoots_impl (webpack-internal:///(app-pages-browser)/./node_modules/next/dist/compiled/react-dom/cjs/react-dom.development.js:7758:13)
    at flushSyncWorkOnAllRoots (webpack-internal:///(app-pages-browser)/./node_modules/next/dist/compiled/react-dom/cjs/react-dom.development.js:7718:3)
    at processRootScheduleInMicrotask (webpack-internal:///(app-pages-browser)/./node_modules/next/dist/compiled/react-dom/cjs/react-dom.development.js:7863:3)
    at eval (webpack-internal:///(app-pages-browser)/./node_modules/next/dist/compiled/react-dom/cjs/react-dom.development.js:8034:7) @ webpack-internal:///(app-pages-browser)/./node_modules/next/dist/client/app-index.js:32
[    1805ms] [ERROR] IntlError: MISSING_MESSAGE: Could not resolve `dashboard.lastUpdated` in messages for locale `zh`.
    at getFallbackFromErrorAndNotify (webpack-internal:///(app-pages-browser)/./node_modules/use-intl/dist/development/createFormatter-QqAaZwGD.js:159:19)
    at translateBaseFn (webpack-internal:///(app-pages-browser)/./node_modules/use-intl/dist/development/createFormatter-QqAaZwGD.js:184:14)
    at translateFn (webpack-internal:///(app-pages-browser)/./node_modules/use-intl/dist/development/createFormatter-QqAaZwGD.js:258:20)
    at DashboardPage (webpack-internal:///(app-pages-browser)/./src/app/[locale]/(main)/page.tsx:109:45)
    at renderWithHooksAgain (webpack-internal:///(app-pages-browser)/./node_modules/next/dist/compiled/react-dom/cjs/react-dom.development.js:11272:16)
    at renderWithHooks (webpack-internal:///(app-pages-browser)/./node_modules/next/dist/compiled/react-dom/cjs/react-dom.development.js:11135:18)
    at updateFunctionComponent (webpack-internal:///(app-pages-browser)/./node_modules/next/dist/compiled/react-dom/cjs/react-dom.development.js:16290:20)
    at beginWork$1 (webpack-internal:///(app-pages-browser)/./node_modules/next/dist/compiled/react-dom/cjs/react-dom.development.js:18472:16)
    at beginWork (webpack-internal:///(app-pages-browser)/./node_modules/next/dist/compiled/react-dom/cjs/react-dom.development.js:26927:14)
    at performUnitOfWork (webpack-internal:///(app-pages-browser)/./node_modules/next/dist/compiled/react-dom/cjs/react-dom.development.js:25748:12)
    at workLoopSync (webpack-internal:///(app-pages-browser)/./node_modules/next/dist/compiled/react-dom/cjs/react-dom.development.js:25464:5)
    at renderRootSync (webpack-internal:///(app-pages-browser)/./node_modules/next/dist/compiled/react-dom/cjs/react-dom.development.js:25419:7)
    at performSyncWorkOnRoot (webpack-internal:///(app-pages-browser)/./node_modules/next/dist/compiled/react-dom/cjs/react-dom.development.js:24887:20)
    at flushSyncWorkAcrossRoots_impl (webpack-internal:///(app-pages-browser)/./node_modules/next/dist/compiled/react-dom/cjs/react-dom.development.js:7758:13)
    at flushSyncWorkOnAllRoots (webpack-internal:///(app-pages-browser)/./node_modules/next/dist/compiled/react-dom/cjs/react-dom.development.js:7718:3)
    at processRootScheduleInMicrotask (webpack-internal:///(app-pages-browser)/./node_modules/next/dist/compiled/react-dom/cjs/react-dom.development.js:7863:3)
    at eval (webpack-internal:///(app-pages-browser)/./node_modules/next/dist/compiled/react-dom/cjs/react-dom.development.js:8034:7) @ webpack-internal:///(app-pages-browser)/./node_modules/next/dist/client/app-index.js:32
[    1805ms] [ERROR] IntlError: MISSING_MESSAGE: Could not resolve `dashboard.live` in messages for locale `zh`.
    at getFallbackFromErrorAndNotify (webpack-internal:///(app-pages-browser)/./node_modules/use-intl/dist/development/createFormatter-QqAaZwGD.js:159:19)
    at translateBaseFn (webpack-internal:///(app-pages-browser)/./node_modules/use-intl/dist/development/createFormatter-QqAaZwGD.js:184:14)
    at translateFn (webpack-internal:///(app-pages-browser)/./node_modules/use-intl/dist/development/createFormatter-QqAaZwGD.js:258:20)
    at DashboardPage (webpack-internal:///(app-pages-browser)/./src/app/[locale]/(main)/page.tsx:137:59)
    at renderWithHooksAgain (webpack-internal:///(app-pages-browser)/./node_modules/next/dist/compiled/react-dom/cjs/react-dom.development.js:11272:16)
    at renderWithHooks (webpack-internal:///(app-pages-browser)/./node_modules/next/dist/compiled/react-dom/cjs/react-dom.development.js:11135:18)
    at updateFunctionComponent (webpack-internal:///(app-pages-browser)/./node_modules/next/dist/compiled/react-dom/cjs/react-dom.development.js:16290:20)
    at beginWork$1 (webpack-internal:///(app-pages-browser)/./node_modules/next/dist/compiled/react-dom/cjs/react-dom.development.js:18472:16)
    at beginWork (webpack-internal:///(app-pages-browser)/./node_modules/next/dist/compiled/react-dom/cjs/react-dom.development.js:26927:14)
    at performUnitOfWork (webpack-internal:///(app-pages-browser)/./node_modules/next/dist/compiled/react-dom/cjs/react-dom.development.js:25748:12)
    at workLoopSync (webpack-internal:///(app-pages-browser)/./node_modules/next/dist/compiled/react-dom/cjs/react-dom.development.js:25464:5)
    at renderRootSync (webpack-internal:///(app-pages-browser)/./node_modules/next/dist/compiled/react-dom/cjs/react-dom.development.js:25419:7)
    at performSyncWorkOnRoot (webpack-internal:///(app-pages-browser)/./node_modules/next/dist/compiled/react-dom/cjs/react-dom.development.js:24887:20)
    at flushSyncWorkAcrossRoots_impl (webpack-internal:///(app-pages-browser)/./node_modules/next/dist/compiled/react-dom/cjs/react-dom.development.js:7758:13)
    at flushSyncWorkOnAllRoots (webpack-internal:///(app-pages-browser)/./node_modules/next/dist/compiled/react-dom/cjs/react-dom.development.js:7718:3)
    at processRootScheduleInMicrotask (webpack-internal:///(app-pages-browser)/./node_modules/next/dist/compiled/react-dom/cjs/react-dom.development.js:7863:3)
    at eval (webpack-internal:///(app-pages-browser)/./node_modules/next/dist/compiled/react-dom/cjs/react-dom.development.js:8034:7) @ webpack-internal:///(app-pages-browser)/./node_modules/next/dist/client/app-index.js:32
[    1805ms] [ERROR] IntlError: MISSING_MESSAGE: Could not resolve `dashboard.marketMovers` in messages for locale `zh`.
    at getFallbackFromErrorAndNotify (webpack-internal:///(app-pages-browser)/./node_modules/use-intl/dist/development/createFormatter-QqAaZwGD.js:159:19)
    at translateBaseFn (webpack-internal:///(app-pages-browser)/./node_modules/use-intl/dist/development/createFormatter-QqAaZwGD.js:184:14)
    at translateFn (webpack-internal:///(app-pages-browser)/./node_modules/use-intl/dist/development/createFormatter-QqAaZwGD.js:258:20)
    at DashboardPage (webpack-internal:///(app-pages-browser)/./src/app/[locale]/(main)/page.tsx:200:43)
    at renderWithHooksAgain (webpack-internal:///(app-pages-browser)/./node_modules/next/dist/compiled/react-dom/cjs/react-dom.development.js:11272:16)
    at renderWithHooks (webpack-internal:///(app-pages-browser)/./node_modules/next/dist/compiled/react-dom/cjs/react-dom.development.js:11135:18)
    at updateFunctionComponent (webpack-internal:///(app-pages-browser)/./node_modules/next/dist/compiled/react-dom/cjs/react-dom.development.js:16290:20)
    at beginWork$1 (webpack-internal:///(app-pages-browser)/./node_modules/next/dist/compiled/react-dom/cjs/react-dom.development.js:18472:16)
    at beginWork (webpack-internal:///(app-pages-browser)/./node_modules/next/dist/compiled/react-dom/cjs/react-dom.development.js:26927:14)
    at performUnitOfWork (webpack-internal:///(app-pages-browser)/./node_modules/next/dist/compiled/react-dom/cjs/react-dom.development.js:25748:12)
    at workLoopSync (webpack-internal:///(app-pages-browser)/./node_modules/next/dist/compiled/react-dom/cjs/react-dom.development.js:25464:5)
    at renderRootSync (webpack-internal:///(app-pages-browser)/./node_modules/next/dist/compiled/react-dom/cjs/react-dom.development.js:25419:7)
    at performSyncWorkOnRoot (webpack-internal:///(app-pages-browser)/./node_modules/next/dist/compiled/react-dom/cjs/react-dom.development.js:24887:20)
    at flushSyncWorkAcrossRoots_impl (webpack-internal:///(app-pages-browser)/./node_modules/next/dist/compiled/react-dom/cjs/react-dom.development.js:7758:13)
    at flushSyncWorkOnAllRoots (webpack-internal:///(app-pages-browser)/./node_modules/next/dist/compiled/react-dom/cjs/react-dom.development.js:7718:3)
    at processRootScheduleInMicrotask (webpack-internal:///(app-pages-browser)/./node_modules/next/dist/compiled/react-dom/cjs/react-dom.development.js:7863:3)
    at eval (webpack-internal:///(app-pages-browser)/./node_modules/next/dist/compiled/react-dom/cjs/react-dom.development.js:8034:7) @ webpack-internal:///(app-pages-browser)/./node_modules/next/dist/client/app-index.js:32
[    1806ms] [ERROR] IntlError: MISSING_MESSAGE: Could not resolve `dashboard.live` in messages for locale `zh`.
    at getFallbackFromErrorAndNotify (webpack-internal:///(app-pages-browser)/./node_modules/use-intl/dist/development/createFormatter-QqAaZwGD.js:159:19)
    at translateBaseFn (webpack-internal:///(app-pages-browser)/./node_modules/use-intl/dist/development/createFormatter-QqAaZwGD.js:184:14)
    at translateFn (webpack-internal:///(app-pages-browser)/./node_modules/use-intl/dist/development/createFormatter-QqAaZwGD.js:258:20)
    at HeroChart (webpack-internal:///(app-pages-browser)/./src/components/dashboard/hero-chart.tsx:205:45)
    at renderWithHooks (webpack-internal:///(app-pages-browser)/./node_modules/next/dist/compiled/react-dom/cjs/react-dom.development.js:11121:18)
    at updateFunctionComponent (webpack-internal:///(app-pages-browser)/./node_modules/next/dist/compiled/react-dom/cjs/react-dom.development.js:16290:20)
    at beginWork$1 (webpack-internal:///(app-pages-browser)/./node_modules/next/dist/compiled/react-dom/cjs/react-dom.development.js:18472:16)
    at beginWork (webpack-internal:///(app-pages-browser)/./node_modules/next/dist/compiled/react-dom/cjs/react-dom.development.js:26927:14)
    at performUnitOfWork (webpack-internal:///(app-pages-browser)/./node_modules/next/dist/compiled/react-dom/cjs/react-dom.development.js:25748:12)
    at workLoopSync (webpack-internal:///(app-pages-browser)/./node_modules/next/dist/compiled/react-dom/cjs/react-dom.development.js:25464:5)
    at renderRootSync (webpack-internal:///(app-pages-browser)/./node_modules/next/dist/compiled/react-dom/cjs/react-dom.development.js:25419:7)
    at performSyncWorkOnRoot (webpack-internal:///(app-pages-browser)/./node_modules/next/dist/compiled/react-dom/cjs/react-dom.development.js:24887:20)
    at flushSyncWorkAcrossRoots_impl (webpack-internal:///(app-pages-browser)/./node_modules/next/dist/compiled/react-dom/cjs/react-dom.development.js:7758:13)
    at flushSyncWorkOnAllRoots (webpack-internal:///(app-pages-browser)/./node_modules/next/dist/compiled/react-dom/cjs/react-dom.development.js:7718:3)
    at processRootScheduleInMicrotask (webpack-internal:///(app-pages-browser)/./node_modules/next/dist/compiled/react-dom/cjs/react-dom.development.js:7863:3)
    at eval (webpack-internal:///(app-pages-browser)/./node_modules/next/dist/compiled/react-dom/cjs/react-dom.development.js:8034:7) @ webpack-internal:///(app-pages-browser)/./node_modules/next/dist/client/app-index.js:32
[    1806ms] [ERROR] IntlError: MISSING_MESSAGE: Could not resolve `dashboard.swipeHint` in messages for locale `zh`.
    at getFallbackFromErrorAndNotify (webpack-internal:///(app-pages-browser)/./node_modules/use-intl/dist/development/createFormatter-QqAaZwGD.js:159:19)
    at translateBaseFn (webpack-internal:///(app-pages-browser)/./node_modules/use-intl/dist/development/createFormatter-QqAaZwGD.js:184:14)
    at translateFn (webpack-internal:///(app-pages-browser)/./node_modules/use-intl/dist/development/createFormatter-QqAaZwGD.js:258:20)
    at HeroChart (webpack-internal:///(app-pages-browser)/./src/components/dashboard/hero-chart.tsx:559:35)
    at renderWithHooks (webpack-internal:///(app-pages-browser)/./node_modules/next/dist/compiled/react-dom/cjs/react-dom.development.js:11121:18)
    at updateFunctionComponent (webpack-internal:///(app-pages-browser)/./node_modules/next/dist/compiled/react-dom/cjs/react-dom.development.js:16290:20)
    at beginWork$1 (webpack-internal:///(app-pages-browser)/./node_modules/next/dist/compiled/react-dom/cjs/react-dom.development.js:18472:16)
    at beginWork (webpack-internal:///(app-pages-browser)/./node_modules/next/dist/compiled/react-dom/cjs/react-dom.development.js:26927:14)
    at performUnitOfWork (webpack-internal:///(app-pages-browser)/./node_modules/next/dist/compiled/react-dom/cjs/react-dom.development.js:25748:12)
    at workLoopSync (webpack-internal:///(app-pages-browser)/./node_modules/next/dist/compiled/react-dom/cjs/react-dom.development.js:25464:5)
    at renderRootSync (webpack-internal:///(app-pages-browser)/./node_modules/next/dist/compiled/react-dom/cjs/react-dom.development.js:25419:7)
    at performSyncWorkOnRoot (webpack-internal:///(app-pages-browser)/./node_modules/next/dist/compiled/react-dom/cjs/react-dom.development.js:24887:20)
    at flushSyncWorkAcrossRoots_impl (webpack-internal:///(app-pages-browser)/./node_modules/next/dist/compiled/react-dom/cjs/react-dom.development.js:7758:13)
    at flushSyncWorkOnAllRoots (webpack-internal:///(app-pages-browser)/./node_modules/next/dist/compiled/react-dom/cjs/react-dom.development.js:7718:3)
    at processRootScheduleInMicrotask (webpack-internal:///(app-pages-browser)/./node_modules/next/dist/compiled/react-dom/cjs/react-dom.development.js:7863:3)
    at eval (webpack-internal:///(app-pages-browser)/./node_modules/next/dist/compiled/react-dom/cjs/react-dom.development.js:8034:7) @ webpack-internal:///(app-pages-browser)/./node_modules/next/dist/client/app-index.js:32
[    1807ms] [ERROR] IntlError: MISSING_MESSAGE: Could not resolve `dashboard.live` in messages for locale `zh`.
    at getFallbackFromErrorAndNotify (webpack-internal:///(app-pages-browser)/./node_modules/use-intl/dist/development/createFormatter-QqAaZwGD.js:159:19)
    at translateBaseFn (webpack-internal:///(app-pages-browser)/./node_modules/use-intl/dist/development/createFormatter-QqAaZwGD.js:184:14)
    at translateFn (webpack-internal:///(app-pages-browser)/./node_modules/use-intl/dist/development/createFormatter-QqAaZwGD.js:258:20)
    at HeroChart (webpack-internal:///(app-pages-browser)/./src/components/dashboard/hero-chart.tsx:205:45)
    at renderWithHooksAgain (webpack-internal:///(app-pages-browser)/./node_modules/next/dist/compiled/react-dom/cjs/react-dom.development.js:11272:16)
    at renderWithHooks (webpack-internal:///(app-pages-browser)/./node_modules/next/dist/compiled/react-dom/cjs/react-dom.development.js:11135:18)
    at updateFunctionComponent (webpack-internal:///(app-pages-browser)/./node_modules/next/dist/compiled/react-dom/cjs/react-dom.development.js:16290:20)
    at beginWork$1 (webpack-internal:///(app-pages-browser)/./node_modules/next/dist/compiled/react-dom/cjs/react-dom.development.js:18472:16)
    at beginWork (webpack-internal:///(app-pages-browser)/./node_modules/next/dist/compiled/react-dom/cjs/react-dom.development.js:26927:14)
    at performUnitOfWork (webpack-internal:///(app-pages-browser)/./node_modules/next/dist/compiled/react-dom/cjs/react-dom.development.js:25748:12)
    at workLoopSync (webpack-internal:///(app-pages-browser)/./node_modules/next/dist/compiled/react-dom/cjs/react-dom.development.js:25464:5)
    at renderRootSync (webpack-internal:///(app-pages-browser)/./node_modules/next/dist/compiled/react-dom/cjs/react-dom.development.js:25419:7)
    at performSyncWorkOnRoot (webpack-internal:///(app-pages-browser)/./node_modules/next/dist/compiled/react-dom/cjs/react-dom.development.js:24887:20)
    at flushSyncWorkAcrossRoots_impl (webpack-internal:///(app-pages-browser)/./node_modules/next/dist/compiled/react-dom/cjs/react-dom.development.js:7758:13)
    at flushSyncWorkOnAllRoots (webpack-internal:///(app-pages-browser)/./node_modules/next/dist/compiled/react-dom/cjs/react-dom.development.js:7718:3)
    at processRootScheduleInMicrotask (webpack-internal:///(app-pages-browser)/./node_modules/next/dist/compiled/react-dom/cjs/react-dom.development.js:7863:3)
    at eval (webpack-internal:///(app-pages-browser)/./node_modules/next/dist/compiled/react-dom/cjs/react-dom.development.js:8034:7) @ webpack-internal:///(app-pages-browser)/./node_modules/next/dist/client/app-index.js:32
[    1807ms] [ERROR] IntlError: MISSING_MESSAGE: Could not resolve `dashboard.swipeHint` in messages for locale `zh`.
    at getFallbackFromErrorAndNotify (webpack-internal:///(app-pages-browser)/./node_modules/use-intl/dist/development/createFormatter-QqAaZwGD.js:159:19)
    at translateBaseFn (webpack-internal:///(app-pages-browser)/./node_modules/use-intl/dist/development/createFormatter-QqAaZwGD.js:184:14)
    at translateFn (webpack-internal:///(app-pages-browser)/./node_modules/use-intl/dist/development/createFormatter-QqAaZwGD.js:258:20)
    at HeroChart (webpack-internal:///(app-pages-browser)/./src/components/dashboard/hero-chart.tsx:559:35)
    at renderWithHooksAgain (webpack-internal:///(app-pages-browser)/./node_modules/next/dist/compiled/react-dom/cjs/react-dom.development.js:11272:16)
    at renderWithHooks (webpack-internal:///(app-pages-browser)/./node_modules/next/dist/compiled/react-dom/cjs/react-dom.development.js:11135:18)
    at updateFunctionComponent (webpack-internal:///(app-pages-browser)/./node_modules/next/dist/compiled/react-dom/cjs/react-dom.development.js:16290:20)
    at beginWork$1 (webpack-internal:///(app-pages-browser)/./node_modules/next/dist/compiled/react-dom/cjs/react-dom.development.js:18472:16)
    at beginWork (webpack-internal:///(app-pages-browser)/./node_modules/next/dist/compiled/react-dom/cjs/react-dom.development.js:26927:14)
    at performUnitOfWork (webpack-internal:///(app-pages-browser)/./node_modules/next/dist/compiled/react-dom/cjs/react-dom.development.js:25748:12)
    at workLoopSync (webpack-internal:///(app-pages-browser)/./node_modules/next/dist/compiled/react-dom/cjs/react-dom.development.js:25464:5)
    at renderRootSync (webpack-internal:///(app-pages-browser)/./node_modules/next/dist/compiled/react-dom/cjs/react-dom.development.js:25419:7)
    at performSyncWorkOnRoot (webpack-internal:///(app-pages-browser)/./node_modules/next/dist/compiled/react-dom/cjs/react-dom.development.js:24887:20)
    at flushSyncWorkAcrossRoots_impl (webpack-internal:///(app-pages-browser)/./node_modules/next/dist/compiled/react-dom/cjs/react-dom.development.js:7758:13)
    at flushSyncWorkOnAllRoots (webpack-internal:///(app-pages-browser)/./node_modules/next/dist/compiled/react-dom/cjs/react-dom.development.js:7718:3)
    at processRootScheduleInMicrotask (webpack-internal:///(app-pages-browser)/./node_modules/next/dist/compiled/react-dom/cjs/react-dom.development.js:7863:3)
    at eval (webpack-internal:///(app-pages-browser)/./node_modules/next/dist/compiled/react-dom/cjs/react-dom.development.js:8034:7) @ webpack-internal:///(app-pages-browser)/./node_modules/next/dist/client/app-index.js:32
[    1823ms] [ERROR] IntlError: MISSING_MESSAGE: Could not resolve `dashboard.latestNews` in messages for locale `zh`.
    at getFallbackFromErrorAndNotify (webpack-internal:///(app-pages-browser)/./node_modules/use-intl/dist/development/createFormatter-QqAaZwGD.js:159:19)
    at translateBaseFn (webpack-internal:///(app-pages-browser)/./node_modules/use-intl/dist/development/createFormatter-QqAaZwGD.js:184:14)
    at translateFn (webpack-internal:///(app-pages-browser)/./node_modules/use-intl/dist/development/createFormatter-QqAaZwGD.js:258:20)
    at NewsFeed (webpack-internal:///(app-pages-browser)/./src/components/dashboard/news-feed.tsx:313:35)
    at renderWithHooks (webpack-internal:///(app-pages-browser)/./node_modules/next/dist/compiled/react-dom/cjs/react-dom.development.js:11121:18)
    at updateFunctionComponent (webpack-internal:///(app-pages-browser)/./node_modules/next/dist/compiled/react-dom/cjs/react-dom.development.js:16290:20)
    at beginWork$1 (webpack-internal:///(app-pages-browser)/./node_modules/next/dist/compiled/react-dom/cjs/react-dom.development.js:18472:16)
    at beginWork (webpack-internal:///(app-pages-browser)/./node_modules/next/dist/compiled/react-dom/cjs/react-dom.development.js:26927:14)
    at performUnitOfWork (webpack-internal:///(app-pages-browser)/./node_modules/next/dist/compiled/react-dom/cjs/react-dom.development.js:25748:12)
    at workLoopSync (webpack-internal:///(app-pages-browser)/./node_modules/next/dist/compiled/react-dom/cjs/react-dom.development.js:25464:5)
    at renderRootSync (webpack-internal:///(app-pages-browser)/./node_modules/next/dist/compiled/react-dom/cjs/react-dom.development.js:25419:7)
    at performSyncWorkOnRoot (webpack-internal:///(app-pages-browser)/./node_modules/next/dist/compiled/react-dom/cjs/react-dom.development.js:24887:20)
    at flushSyncWorkAcrossRoots_impl (webpack-internal:///(app-pages-browser)/./node_modules/next/dist/compiled/react-dom/cjs/react-dom.development.js:7758:13)
    at flushSyncWorkOnAllRoots (webpack-internal:///(app-pages-browser)/./node_modules/next/dist/compiled/react-dom/cjs/react-dom.development.js:7718:3)
    at processRootScheduleInMicrotask (webpack-internal:///(app-pages-browser)/./node_modules/next/dist/compiled/react-dom/cjs/react-dom.development.js:7863:3)
    at eval (webpack-internal:///(app-pages-browser)/./node_modules/next/dist/compiled/react-dom/cjs/react-dom.development.js:8034:7) @ webpack-internal:///(app-pages-browser)/./node_modules/next/dist/client/app-index.js:32
[    1823ms] [ERROR] IntlError: MISSING_MESSAGE: Could not resolve `dashboard.viewAll` in messages for locale `zh`.
    at getFallbackFromErrorAndNotify (webpack-internal:///(app-pages-browser)/./node_modules/use-intl/dist/development/createFormatter-QqAaZwGD.js:159:19)
    at translateBaseFn (webpack-internal:///(app-pages-browser)/./node_modules/use-intl/dist/development/createFormatter-QqAaZwGD.js:184:14)
    at translateFn (webpack-internal:///(app-pages-browser)/./node_modules/use-intl/dist/development/createFormatter-QqAaZwGD.js:258:20)
    at NewsFeed (webpack-internal:///(app-pages-browser)/./src/components/dashboard/news-feed.tsx:323:29)
    at renderWithHooks (webpack-internal:///(app-pages-browser)/./node_modules/next/dist/compiled/react-dom/cjs/react-dom.development.js:11121:18)
    at updateFunctionComponent (webpack-internal:///(app-pages-browser)/./node_modules/next/dist/compiled/react-dom/cjs/react-dom.development.js:16290:20)
    at beginWork$1 (webpack-internal:///(app-pages-browser)/./node_modules/next/dist/compiled/react-dom/cjs/react-dom.development.js:18472:16)
    at beginWork (webpack-internal:///(app-pages-browser)/./node_modules/next/dist/compiled/react-dom/cjs/react-dom.development.js:26927:14)
    at performUnitOfWork (webpack-internal:///(app-pages-browser)/./node_modules/next/dist/compiled/react-dom/cjs/react-dom.development.js:25748:12)
    at workLoopSync (webpack-internal:///(app-pages-browser)/./node_modules/next/dist/compiled/react-dom/cjs/react-dom.development.js:25464:5)
    at renderRootSync (webpack-internal:///(app-pages-browser)/./node_modules/next/dist/compiled/react-dom/cjs/react-dom.development.js:25419:7)
    at performSyncWorkOnRoot (webpack-internal:///(app-pages-browser)/./node_modules/next/dist/compiled/react-dom/cjs/react-dom.development.js:24887:20)
    at flushSyncWorkAcrossRoots_impl (webpack-internal:///(app-pages-browser)/./node_modules/next/dist/compiled/react-dom/cjs/react-dom.development.js:7758:13)
    at flushSyncWorkOnAllRoots (webpack-internal:///(app-pages-browser)/./node_modules/next/dist/compiled/react-dom/cjs/react-dom.development.js:7718:3)
    at processRootScheduleInMicrotask (webpack-internal:///(app-pages-browser)/./node_modules/next/dist/compiled/react-dom/cjs/react-dom.development.js:7863:3)
    at eval (webpack-internal:///(app-pages-browser)/./node_modules/next/dist/compiled/react-dom/cjs/react-dom.development.js:8034:7) @ webpack-internal:///(app-pages-browser)/./node_modules/next/dist/client/app-index.js:32
[    1823ms] [ERROR] IntlError: MISSING_MESSAGE: Could not resolve `dashboard.latestNews` in messages for locale `zh`.
    at getFallbackFromErrorAndNotify (webpack-internal:///(app-pages-browser)/./node_modules/use-intl/dist/development/createFormatter-QqAaZwGD.js:159:19)
    at translateBaseFn (webpack-internal:///(app-pages-browser)/./node_modules/use-intl/dist/development/createFormatter-QqAaZwGD.js:184:14)
    at translateFn (webpack-internal:///(app-pages-browser)/./node_modules/use-intl/dist/development/createFormatter-QqAaZwGD.js:258:20)
    at NewsFeed (webpack-internal:///(app-pages-browser)/./src/components/dashboard/news-feed.tsx:313:35)
    at renderWithHooksAgain (webpack-internal:///(app-pages-browser)/./node_modules/next/dist/compiled/react-dom/cjs/react-dom.development.js:11272:16)
    at renderWithHooks (webpack-internal:///(app-pages-browser)/./node_modules/next/dist/compiled/react-dom/cjs/react-dom.development.js:11135:18)
    at updateFunctionComponent (webpack-internal:///(app-pages-browser)/./node_modules/next/dist/compiled/react-dom/cjs/react-dom.development.js:16290:20)
    at beginWork$1 (webpack-internal:///(app-pages-browser)/./node_modules/next/dist/compiled/react-dom/cjs/react-dom.development.js:18472:16)
    at beginWork (webpack-internal:///(app-pages-browser)/./node_modules/next/dist/compiled/react-dom/cjs/react-dom.development.js:26927:14)
    at performUnitOfWork (webpack-internal:///(app-pages-browser)/./node_modules/next/dist/compiled/react-dom/cjs/react-dom.development.js:25748:12)
    at workLoopSync (webpack-internal:///(app-pages-browser)/./node_modules/next/dist/compiled/react-dom/cjs/react-dom.development.js:25464:5)
    at renderRootSync (webpack-internal:///(app-pages-browser)/./node_modules/next/dist/compiled/react-dom/cjs/react-dom.development.js:25419:7)
    at performSyncWorkOnRoot (webpack-internal:///(app-pages-browser)/./node_modules/next/dist/compiled/react-dom/cjs/react-dom.development.js:24887:20)
    at flushSyncWorkAcrossRoots_impl (webpack-internal:///(app-pages-browser)/./node_modules/next/dist/compiled/react-dom/cjs/react-dom.development.js:7758:13)
    at flushSyncWorkOnAllRoots (webpack-internal:///(app-pages-browser)/./node_modules/next/dist/compiled/react-dom/cjs/react-dom.development.js:7718:3)
    at processRootScheduleInMicrotask (webpack-internal:///(app-pages-browser)/./node_modules/next/dist/compiled/react-dom/cjs/react-dom.development.js:7863:3)
    at eval (webpack-internal:///(app-pages-browser)/./node_modules/next/dist/compiled/react-dom/cjs/react-dom.development.js:8034:7) @ webpack-internal:///(app-pages-browser)/./node_modules/next/dist/client/app-index.js:32
[    1823ms] [ERROR] IntlError: MISSING_MESSAGE: Could not resolve `dashboard.viewAll` in messages for locale `zh`.
    at getFallbackFromErrorAndNotify (webpack-internal:///(app-pages-browser)/./node_modules/use-intl/dist/development/createFormatter-QqAaZwGD.js:159:19)
    at translateBaseFn (webpack-internal:///(app-pages-browser)/./node_modules/use-intl/dist/development/createFormatter-QqAaZwGD.js:184:14)
    at translateFn (webpack-internal:///(app-pages-browser)/./node_modules/use-intl/dist/development/createFormatter-QqAaZwGD.js:258:20)
    at NewsFeed (webpack-internal:///(app-pages-browser)/./src/components/dashboard/news-feed.tsx:323:29)
    at renderWithHooksAgain (webpack-internal:///(app-pages-browser)/./node_modules/next/dist/compiled/react-dom/cjs/react-dom.development.js:11272:16)
    at renderWithHooks (webpack-internal:///(app-pages-browser)/./node_modules/next/dist/compiled/react-dom/cjs/react-dom.development.js:11135:18)
    at updateFunctionComponent (webpack-internal:///(app-pages-browser)/./node_modules/next/dist/compiled/react-dom/cjs/react-dom.development.js:16290:20)
    at beginWork$1 (webpack-internal:///(app-pages-browser)/./node_modules/next/dist/compiled/react-dom/cjs/react-dom.development.js:18472:16)
    at beginWork (webpack-internal:///(app-pages-browser)/./node_modules/next/dist/compiled/react-dom/cjs/react-dom.development.js:26927:14)
    at performUnitOfWork (webpack-internal:///(app-pages-browser)/./node_modules/next/dist/compiled/react-dom/cjs/react-dom.development.js:25748:12)
    at workLoopSync (webpack-internal:///(app-pages-browser)/./node_modules/next/dist/compiled/react-dom/cjs/react-dom.development.js:25464:5)
    at renderRootSync (webpack-internal:///(app-pages-browser)/./node_modules/next/dist/compiled/react-dom/cjs/react-dom.development.js:25419:7)
    at performSyncWorkOnRoot (webpack-internal:///(app-pages-browser)/./node_modules/next/dist/compiled/react-dom/cjs/react-dom.development.js:24887:20)
    at flushSyncWorkAcrossRoots_impl (webpack-internal:///(app-pages-browser)/./node_modules/next/dist/compiled/react-dom/cjs/react-dom.development.js:7758:13)
    at flushSyncWorkOnAllRoots (webpack-internal:///(app-pages-browser)/./node_modules/next/dist/compiled/react-dom/cjs/react-dom.development.js:7718:3)
    at processRootScheduleInMicrotask (webpack-internal:///(app-pages-browser)/./node_modules/next/dist/compiled/react-dom/cjs/react-dom.development.js:7863:3)
    at eval (webpack-internal:///(app-pages-browser)/./node_modules/next/dist/compiled/react-dom/cjs/react-dom.development.js:8034:7) @ webpack-internal:///(app-pages-browser)/./node_modules/next/dist/client/app-index.js:32
[    1829ms] [ERROR] IntlError: MISSING_MESSAGE: Could not resolve `dashboard.live` in messages for locale `zh`.
    at getFallbackFromErrorAndNotify (webpack-internal:///(app-pages-browser)/./node_modules/use-intl/dist/development/createFormatter-QqAaZwGD.js:159:19)
    at translateBaseFn (webpack-internal:///(app-pages-browser)/./node_modules/use-intl/dist/development/createFormatter-QqAaZwGD.js:184:14)
    at translateFn (webpack-internal:///(app-pages-browser)/./node_modules/use-intl/dist/development/createFormatter-QqAaZwGD.js:258:20)
    at HeroChart (webpack-internal:///(app-pages-browser)/./src/components/dashboard/hero-chart.tsx:205:45)
    at renderWithHooks (webpack-internal:///(app-pages-browser)/./node_modules/next/dist/compiled/react-dom/cjs/react-dom.development.js:11121:18)
    at updateFunctionComponent (webpack-internal:///(app-pages-browser)/./node_modules/next/dist/compiled/react-dom/cjs/react-dom.development.js:16290:20)
    at beginWork$1 (webpack-internal:///(app-pages-browser)/./node_modules/next/dist/compiled/react-dom/cjs/react-dom.development.js:18472:16)
    at beginWork (webpack-internal:///(app-pages-browser)/./node_modules/next/dist/compiled/react-dom/cjs/react-dom.development.js:26927:14)
    at performUnitOfWork (webpack-internal:///(app-pages-browser)/./node_modules/next/dist/compiled/react-dom/cjs/react-dom.development.js:25748:12)
    at workLoopSync (webpack-internal:///(app-pages-browser)/./node_modules/next/dist/compiled/react-dom/cjs/react-dom.development.js:25464:5)
    at renderRootSync (webpack-internal:///(app-pages-browser)/./node_modules/next/dist/compiled/react-dom/cjs/react-dom.development.js:25419:7)
    at performSyncWorkOnRoot (webpack-internal:///(app-pages-browser)/./node_modules/next/dist/compiled/react-dom/cjs/react-dom.development.js:24887:20)
    at flushSyncWorkAcrossRoots_impl (webpack-internal:///(app-pages-browser)/./node_modules/next/dist/compiled/react-dom/cjs/react-dom.development.js:7758:13)
    at flushSyncWorkOnAllRoots (webpack-internal:///(app-pages-browser)/./node_modules/next/dist/compiled/react-dom/cjs/react-dom.development.js:7718:3)
    at processRootScheduleInMicrotask (webpack-internal:///(app-pages-browser)/./node_modules/next/dist/compiled/react-dom/cjs/react-dom.development.js:7863:3)
    at eval (webpack-internal:///(app-pages-browser)/./node_modules/next/dist/compiled/react-dom/cjs/react-dom.development.js:8034:7) @ webpack-internal:///(app-pages-browser)/./node_modules/next/dist/client/app-index.js:32
[    1829ms] [ERROR] IntlError: MISSING_MESSAGE: Could not resolve `dashboard.swipeHint` in messages for locale `zh`.
    at getFallbackFromErrorAndNotify (webpack-internal:///(app-pages-browser)/./node_modules/use-intl/dist/development/createFormatter-QqAaZwGD.js:159:19)
    at translateBaseFn (webpack-internal:///(app-pages-browser)/./node_modules/use-intl/dist/development/createFormatter-QqAaZwGD.js:184:14)
    at translateFn (webpack-internal:///(app-pages-browser)/./node_modules/use-intl/dist/development/createFormatter-QqAaZwGD.js:258:20)
    at HeroChart (webpack-internal:///(app-pages-browser)/./src/components/dashboard/hero-chart.tsx:559:35)
    at renderWithHooks (webpack-internal:///(app-pages-browser)/./node_modules/next/dist/compiled/react-dom/cjs/react-dom.development.js:11121:18)
    at updateFunctionComponent (webpack-internal:///(app-pages-browser)/./node_modules/next/dist/compiled/react-dom/cjs/react-dom.development.js:16290:20)
    at beginWork$1 (webpack-internal:///(app-pages-browser)/./node_modules/next/dist/compiled/react-dom/cjs/react-dom.development.js:18472:16)
    at beginWork (webpack-internal:///(app-pages-browser)/./node_modules/next/dist/compiled/react-dom/cjs/react-dom.development.js:26927:14)
    at performUnitOfWork (webpack-internal:///(app-pages-browser)/./node_modules/next/dist/compiled/react-dom/cjs/react-dom.development.js:25748:12)
    at workLoopSync (webpack-internal:///(app-pages-browser)/./node_modules/next/dist/compiled/react-dom/cjs/react-dom.development.js:25464:5)
    at renderRootSync (webpack-internal:///(app-pages-browser)/./node_modules/next/dist/compiled/react-dom/cjs/react-dom.development.js:25419:7)
    at performSyncWorkOnRoot (webpack-internal:///(app-pages-browser)/./node_modules/next/dist/compiled/react-dom/cjs/react-dom.development.js:24887:20)
    at flushSyncWorkAcrossRoots_impl (webpack-internal:///(app-pages-browser)/./node_modules/next/dist/compiled/react-dom/cjs/react-dom.development.js:7758:13)
    at flushSyncWorkOnAllRoots (webpack-internal:///(app-pages-browser)/./node_modules/next/dist/compiled/react-dom/cjs/react-dom.development.js:7718:3)
    at processRootScheduleInMicrotask (webpack-internal:///(app-pages-browser)/./node_modules/next/dist/compiled/react-dom/cjs/react-dom.development.js:7863:3)
    at eval (webpack-internal:///(app-pages-browser)/./node_modules/next/dist/compiled/react-dom/cjs/react-dom.development.js:8034:7) @ webpack-internal:///(app-pages-browser)/./node_modules/next/dist/client/app-index.js:32
[    1829ms] [ERROR] IntlError: MISSING_MESSAGE: Could not resolve `dashboard.live` in messages for locale `zh`.
    at getFallbackFromErrorAndNotify (webpack-internal:///(app-pages-browser)/./node_modules/use-intl/dist/development/createFormatter-QqAaZwGD.js:159:19)
    at translateBaseFn (webpack-internal:///(app-pages-browser)/./node_modules/use-intl/dist/development/createFormatter-QqAaZwGD.js:184:14)
    at translateFn (webpack-internal:///(app-pages-browser)/./node_modules/use-intl/dist/development/createFormatter-QqAaZwGD.js:258:20)
    at HeroChart (webpack-internal:///(app-pages-browser)/./src/components/dashboard/hero-chart.tsx:205:45)
    at renderWithHooksAgain (webpack-internal:///(app-pages-browser)/./node_modules/next/dist/compiled/react-dom/cjs/react-dom.development.js:11272:16)
    at renderWithHooks (webpack-internal:///(app-pages-browser)/./node_modules/next/dist/compiled/react-dom/cjs/react-dom.development.js:11135:18)
    at updateFunctionComponent (webpack-internal:///(app-pages-browser)/./node_modules/next/dist/compiled/react-dom/cjs/react-dom.development.js:16290:20)
    at beginWork$1 (webpack-internal:///(app-pages-browser)/./node_modules/next/dist/compiled/react-dom/cjs/react-dom.development.js:18472:16)
    at beginWork (webpack-internal:///(app-pages-browser)/./node_modules/next/dist/compiled/react-dom/cjs/react-dom.development.js:26927:14)
    at performUnitOfWork (webpack-internal:///(app-pages-browser)/./node_modules/next/dist/compiled/react-dom/cjs/react-dom.development.js:25748:12)
    at workLoopSync (webpack-internal:///(app-pages-browser)/./node_modules/next/dist/compiled/react-dom/cjs/react-dom.development.js:25464:5)
    at renderRootSync (webpack-internal:///(app-pages-browser)/./node_modules/next/dist/compiled/react-dom/cjs/react-dom.development.js:25419:7)
    at performSyncWorkOnRoot (webpack-internal:///(app-pages-browser)/./node_modules/next/dist/compiled/react-dom/cjs/react-dom.development.js:24887:20)
    at flushSyncWorkAcrossRoots_impl (webpack-internal:///(app-pages-browser)/./node_modules/next/dist/compiled/react-dom/cjs/react-dom.development.js:7758:13)
    at flushSyncWorkOnAllRoots (webpack-internal:///(app-pages-browser)/./node_modules/next/dist/compiled/react-dom/cjs/react-dom.development.js:7718:3)
    at processRootScheduleInMicrotask (webpack-internal:///(app-pages-browser)/./node_modules/next/dist/compiled/react-dom/cjs/react-dom.development.js:7863:3)
    at eval (webpack-internal:///(app-pages-browser)/./node_modules/next/dist/compiled/react-dom/cjs/react-dom.development.js:8034:7) @ webpack-internal:///(app-pages-browser)/./node_modules/next/dist/client/app-index.js:32
[    1829ms] [ERROR] IntlError: MISSING_MESSAGE: Could not resolve `dashboard.swipeHint` in messages for locale `zh`.
    at getFallbackFromErrorAndNotify (webpack-internal:///(app-pages-browser)/./node_modules/use-intl/dist/development/createFormatter-QqAaZwGD.js:159:19)
    at translateBaseFn (webpack-internal:///(app-pages-browser)/./node_modules/use-intl/dist/development/createFormatter-QqAaZwGD.js:184:14)
    at translateFn (webpack-internal:///(app-pages-browser)/./node_modules/use-intl/dist/development/createFormatter-QqAaZwGD.js:258:20)
    at HeroChart (webpack-internal:///(app-pages-browser)/./src/components/dashboard/hero-chart.tsx:559:35)
    at renderWithHooksAgain (webpack-internal:///(app-pages-browser)/./node_modules/next/dist/compiled/react-dom/cjs/react-dom.development.js:11272:16)
    at renderWithHooks (webpack-internal:///(app-pages-browser)/./node_modules/next/dist/compiled/react-dom/cjs/react-dom.development.js:11135:18)
    at updateFunctionComponent (webpack-internal:///(app-pages-browser)/./node_modules/next/dist/compiled/react-dom/cjs/react-dom.development.js:16290:20)
    at beginWork$1 (webpack-internal:///(app-pages-browser)/./node_modules/next/dist/compiled/react-dom/cjs/react-dom.development.js:18472:16)
    at beginWork (webpack-internal:///(app-pages-browser)/./node_modules/next/dist/compiled/react-dom/cjs/react-dom.development.js:26927:14)
    at performUnitOfWork (webpack-internal:///(app-pages-browser)/./node_modules/next/dist/compiled/react-dom/cjs/react-dom.development.js:25748:12)
    at workLoopSync (webpack-internal:///(app-pages-browser)/./node_modules/next/dist/compiled/react-dom/cjs/react-dom.development.js:25464:5)
    at renderRootSync (webpack-internal:///(app-pages-browser)/./node_modules/next/dist/compiled/react-dom/cjs/react-dom.development.js:25419:7)
    at performSyncWorkOnRoot (webpack-internal:///(app-pages-browser)/./node_modules/next/dist/compiled/react-dom/cjs/react-dom.development.js:24887:20)
    at flushSyncWorkAcrossRoots_impl (webpack-internal:///(app-pages-browser)/./node_modules/next/dist/compiled/react-dom/cjs/react-dom.development.js:7758:13)
    at flushSyncWorkOnAllRoots (webpack-internal:///(app-pages-browser)/./node_modules/next/dist/compiled/react-dom/cjs/react-dom.development.js:7718:3)
    at processRootScheduleInMicrotask (webpack-internal:///(app-pages-browser)/./node_modules/next/dist/compiled/react-dom/cjs/react-dom.development.js:7863:3)
    at eval (webpack-internal:///(app-pages-browser)/./node_modules/next/dist/compiled/react-dom/cjs/react-dom.development.js:8034:7) @ webpack-internal:///(app-pages-browser)/./node_modules/next/dist/client/app-index.js:32
[    1836ms] [ERROR] IntlError: MISSING_MESSAGE: Could not resolve `dashboard.latestNews` in messages for locale `zh`.
    at getFallbackFromErrorAndNotify (webpack-internal:///(app-pages-browser)/./node_modules/use-intl/dist/development/createFormatter-QqAaZwGD.js:159:19)
    at translateBaseFn (webpack-internal:///(app-pages-browser)/./node_modules/use-intl/dist/development/createFormatter-QqAaZwGD.js:184:14)
    at translateFn (webpack-internal:///(app-pages-browser)/./node_modules/use-intl/dist/development/createFormatter-QqAaZwGD.js:258:20)
    at NewsFeed (webpack-internal:///(app-pages-browser)/./src/components/dashboard/news-feed.tsx:313:35)
    at renderWithHooks (webpack-internal:///(app-pages-browser)/./node_modules/next/dist/compiled/react-dom/cjs/react-dom.development.js:11121:18)
    at updateFunctionComponent (webpack-internal:///(app-pages-browser)/./node_modules/next/dist/compiled/react-dom/cjs/react-dom.development.js:16290:20)
    at beginWork$1 (webpack-internal:///(app-pages-browser)/./node_modules/next/dist/compiled/react-dom/cjs/react-dom.development.js:18472:16)
    at beginWork (webpack-internal:///(app-pages-browser)/./node_modules/next/dist/compiled/react-dom/cjs/react-dom.development.js:26927:14)
    at performUnitOfWork (webpack-internal:///(app-pages-browser)/./node_modules/next/dist/compiled/react-dom/cjs/react-dom.development.js:25748:12)
    at workLoopSync (webpack-internal:///(app-pages-browser)/./node_modules/next/dist/compiled/react-dom/cjs/react-dom.development.js:25464:5)
    at renderRootSync (webpack-internal:///(app-pages-browser)/./node_modules/next/dist/compiled/react-dom/cjs/react-dom.development.js:25419:7)
    at performSyncWorkOnRoot (webpack-internal:///(app-pages-browser)/./node_modules/next/dist/compiled/react-dom/cjs/react-dom.development.js:24887:20)
    at flushSyncWorkAcrossRoots_impl (webpack-internal:///(app-pages-browser)/./node_modules/next/dist/compiled/react-dom/cjs/react-dom.development.js:7758:13)
    at flushSyncWorkOnAllRoots (webpack-internal:///(app-pages-browser)/./node_modules/next/dist/compiled/react-dom/cjs/react-dom.development.js:7718:3)
    at processRootScheduleInMicrotask (webpack-internal:///(app-pages-browser)/./node_modules/next/dist/compiled/react-dom/cjs/react-dom.development.js:7863:3)
    at eval (webpack-internal:///(app-pages-browser)/./node_modules/next/dist/compiled/react-dom/cjs/react-dom.development.js:8034:7) @ webpack-internal:///(app-pages-browser)/./node_modules/next/dist/client/app-index.js:32
[    1836ms] [ERROR] IntlError: MISSING_MESSAGE: Could not resolve `dashboard.viewAll` in messages for locale `zh`.
    at getFallbackFromErrorAndNotify (webpack-internal:///(app-pages-browser)/./node_modules/use-intl/dist/development/createFormatter-QqAaZwGD.js:159:19)
    at translateBaseFn (webpack-internal:///(app-pages-browser)/./node_modules/use-intl/dist/development/createFormatter-QqAaZwGD.js:184:14)
    at translateFn (webpack-internal:///(app-pages-browser)/./node_modules/use-intl/dist/development/createFormatter-QqAaZwGD.js:258:20)
    at NewsFeed (webpack-internal:///(app-pages-browser)/./src/components/dashboard/news-feed.tsx:323:29)
    at renderWithHooks (webpack-internal:///(app-pages-browser)/./node_modules/next/dist/compiled/react-dom/cjs/react-dom.development.js:11121:18)
    at updateFunctionComponent (webpack-internal:///(app-pages-browser)/./node_modules/next/dist/compiled/react-dom/cjs/react-dom.development.js:16290:20)
    at beginWork$1 (webpack-internal:///(app-pages-browser)/./node_modules/next/dist/compiled/react-dom/cjs/react-dom.development.js:18472:16)
    at beginWork (webpack-internal:///(app-pages-browser)/./node_modules/next/dist/compiled/react-dom/cjs/react-dom.development.js:26927:14)
    at performUnitOfWork (webpack-internal:///(app-pages-browser)/./node_modules/next/dist/compiled/react-dom/cjs/react-dom.development.js:25748:12)
    at workLoopSync (webpack-internal:///(app-pages-browser)/./node_modules/next/dist/compiled/react-dom/cjs/react-dom.development.js:25464:5)
    at renderRootSync (webpack-internal:///(app-pages-browser)/./node_modules/next/dist/compiled/react-dom/cjs/react-dom.development.js:25419:7)
    at performSyncWorkOnRoot (webpack-internal:///(app-pages-browser)/./node_modules/next/dist/compiled/react-dom/cjs/react-dom.development.js:24887:20)
    at flushSyncWorkAcrossRoots_impl (webpack-internal:///(app-pages-browser)/./node_modules/next/dist/compiled/react-dom/cjs/react-dom.development.js:7758:13)
    at flushSyncWorkOnAllRoots (webpack-internal:///(app-pages-browser)/./node_modules/next/dist/compiled/react-dom/cjs/react-dom.development.js:7718:3)
    at processRootScheduleInMicrotask (webpack-internal:///(app-pages-browser)/./node_modules/next/dist/compiled/react-dom/cjs/react-dom.development.js:7863:3)
    at eval (webpack-internal:///(app-pages-browser)/./node_modules/next/dist/compiled/react-dom/cjs/react-dom.development.js:8034:7) @ webpack-internal:///(app-pages-browser)/./node_modules/next/dist/client/app-index.js:32
[    1836ms] [ERROR] IntlError: MISSING_MESSAGE: Could not resolve `dashboard.latestNews` in messages for locale `zh`.
    at getFallbackFromErrorAndNotify (webpack-internal:///(app-pages-browser)/./node_modules/use-intl/dist/development/createFormatter-QqAaZwGD.js:159:19)
    at translateBaseFn (webpack-internal:///(app-pages-browser)/./node_modules/use-intl/dist/development/createFormatter-QqAaZwGD.js:184:14)
    at translateFn (webpack-internal:///(app-pages-browser)/./node_modules/use-intl/dist/development/createFormatter-QqAaZwGD.js:258:20)
    at NewsFeed (webpack-internal:///(app-pages-browser)/./src/components/dashboard/news-feed.tsx:313:35)
    at renderWithHooksAgain (webpack-internal:///(app-pages-browser)/./node_modules/next/dist/compiled/react-dom/cjs/react-dom.development.js:11272:16)
    at renderWithHooks (webpack-internal:///(app-pages-browser)/./node_modules/next/dist/compiled/react-dom/cjs/react-dom.development.js:11135:18)
    at updateFunctionComponent (webpack-internal:///(app-pages-browser)/./node_modules/next/dist/compiled/react-dom/cjs/react-dom.development.js:16290:20)
    at beginWork$1 (webpack-internal:///(app-pages-browser)/./node_modules/next/dist/compiled/react-dom/cjs/react-dom.development.js:18472:16)
    at beginWork (webpack-internal:///(app-pages-browser)/./node_modules/next/dist/compiled/react-dom/cjs/react-dom.development.js:26927:14)
    at performUnitOfWork (webpack-internal:///(app-pages-browser)/./node_modules/next/dist/compiled/react-dom/cjs/react-dom.development.js:25748:12)
    at workLoopSync (webpack-internal:///(app-pages-browser)/./node_modules/next/dist/compiled/react-dom/cjs/react-dom.development.js:25464:5)
    at renderRootSync (webpack-internal:///(app-pages-browser)/./node_modules/next/dist/compiled/react-dom/cjs/react-dom.development.js:25419:7)
    at performSyncWorkOnRoot (webpack-internal:///(app-pages-browser)/./node_modules/next/dist/compiled/react-dom/cjs/react-dom.development.js:24887:20)
    at flushSyncWorkAcrossRoots_impl (webpack-internal:///(app-pages-browser)/./node_modules/next/dist/compiled/react-dom/cjs/react-dom.development.js:7758:13)
    at flushSyncWorkOnAllRoots (webpack-internal:///(app-pages-browser)/./node_modules/next/dist/compiled/react-dom/cjs/react-dom.development.js:7718:3)
    at processRootScheduleInMicrotask (webpack-internal:///(app-pages-browser)/./node_modules/next/dist/compiled/react-dom/cjs/react-dom.development.js:7863:3)
    at eval (webpack-internal:///(app-pages-browser)/./node_modules/next/dist/compiled/react-dom/cjs/react-dom.development.js:8034:7) @ webpack-internal:///(app-pages-browser)/./node_modules/next/dist/client/app-index.js:32
[    1836ms] [ERROR] IntlError: MISSING_MESSAGE: Could not resolve `dashboard.viewAll` in messages for locale `zh`.
    at getFallbackFromErrorAndNotify (webpack-internal:///(app-pages-browser)/./node_modules/use-intl/dist/development/createFormatter-QqAaZwGD.js:159:19)
    at translateBaseFn (webpack-internal:///(app-pages-browser)/./node_modules/use-intl/dist/development/createFormatter-QqAaZwGD.js:184:14)
    at translateFn (webpack-internal:///(app-pages-browser)/./node_modules/use-intl/dist/development/createFormatter-QqAaZwGD.js:258:20)
    at NewsFeed (webpack-internal:///(app-pages-browser)/./src/components/dashboard/news-feed.tsx:323:29)
    at renderWithHooksAgain (webpack-internal:///(app-pages-browser)/./node_modules/next/dist/compiled/react-dom/cjs/react-dom.development.js:11272:16)
    at renderWithHooks (webpack-internal:///(app-pages-browser)/./node_modules/next/dist/compiled/react-dom/cjs/react-dom.development.js:11135:18)
    at updateFunctionComponent (webpack-internal:///(app-pages-browser)/./node_modules/next/dist/compiled/react-dom/cjs/react-dom.development.js:16290:20)
    at beginWork$1 (webpack-internal:///(app-pages-browser)/./node_modules/next/dist/compiled/react-dom/cjs/react-dom.development.js:18472:16)
    at beginWork (webpack-internal:///(app-pages-browser)/./node_modules/next/dist/compiled/react-dom/cjs/react-dom.development.js:26927:14)
    at performUnitOfWork (webpack-internal:///(app-pages-browser)/./node_modules/next/dist/compiled/react-dom/cjs/react-dom.development.js:25748:12)
    at workLoopSync (webpack-internal:///(app-pages-browser)/./node_modules/next/dist/compiled/react-dom/cjs/react-dom.development.js:25464:5)
    at renderRootSync (webpack-internal:///(app-pages-browser)/./node_modules/next/dist/compiled/react-dom/cjs/react-dom.development.js:25419:7)
    at performSyncWorkOnRoot (webpack-internal:///(app-pages-browser)/./node_modules/next/dist/compiled/react-dom/cjs/react-dom.development.js:24887:20)
    at flushSyncWorkAcrossRoots_impl (webpack-internal:///(app-pages-browser)/./node_modules/next/dist/compiled/react-dom/cjs/react-dom.development.js:7758:13)
    at flushSyncWorkOnAllRoots (webpack-internal:///(app-pages-browser)/./node_modules/next/dist/compiled/react-dom/cjs/react-dom.development.js:7718:3)
    at processRootScheduleInMicrotask (webpack-internal:///(app-pages-browser)/./node_modules/next/dist/compiled/react-dom/cjs/react-dom.development.js:7863:3)
    at eval (webpack-internal:///(app-pages-browser)/./node_modules/next/dist/compiled/react-dom/cjs/react-dom.development.js:8034:7) @ webpack-internal:///(app-pages-browser)/./node_modules/next/dist/client/app-index.js:32
[  195454ms] [WARNING] 'oklch(0.18 0.02 275)' is not an animatable color. Use the equivalent color code instead. @ webpack-internal:///(app-pages-browser)/./node_modules/motion-utils/dist/es/errors.mjs:13
[  195603ms] [WARNING] 'oklch(0.18 0.02 275)' is not an animatable color. Use the equivalent color code instead. @ webpack-internal:///(app-pages-browser)/./node_modules/motion-utils/dist/es/errors.mjs:13
[  195634ms] [WARNING] 'oklch(0.18 0.02 275)' is not an animatable color. Use the equivalent color code instead. @ webpack-internal:///(app-pages-browser)/./node_modules/motion-utils/dist/es/errors.mjs:13
[  197618ms] [WARNING] 'oklch(0.18 0.02 275)' is not an animatable color. Use the equivalent color code instead. @ webpack-internal:///(app-pages-browser)/./node_modules/motion-utils/dist/es/errors.mjs:13
[  197652ms] [WARNING] 'oklch(0.18 0.02 275)' is not an animatable color. Use the equivalent color code instead. @ webpack-internal:///(app-pages-browser)/./node_modules/motion-utils/dist/es/errors.mjs:13
[  199537ms] [WARNING] 'oklch(0.18 0.02 275)' is not an animatable color. Use the equivalent color code instead. @ webpack-internal:///(app-pages-browser)/./node_modules/motion-utils/dist/es/errors.mjs:13
[  199554ms] [WARNING] 'oklch(0.18 0.02 275)' is not an animatable color. Use the equivalent color code instead. @ webpack-internal:///(app-pages-browser)/./node_modules/motion-utils/dist/es/errors.mjs:13
[  199570ms] [WARNING] 'oklch(0.18 0.02 275)' is not an animatable color. Use the equivalent color code instead. @ webpack-internal:///(app-pages-browser)/./node_modules/motion-utils/dist/es/errors.mjs:13
[  199604ms] [WARNING] 'oklch(0.18 0.02 275)' is not an animatable color. Use the equivalent color code instead. @ webpack-internal:///(app-pages-browser)/./node_modules/motion-utils/dist/es/errors.mjs:13
[  199621ms] [WARNING] 'oklch(0.18 0.02 275)' is not an animatable color. Use the equivalent color code instead. @ webpack-internal:///(app-pages-browser)/./node_modules/motion-utils/dist/es/errors.mjs:13
[  396221ms] [WARNING] 'oklch(0.18 0.02 275)' is not an animatable color. Use the equivalent color code instead. @ webpack-internal:///(app-pages-browser)/./node_modules/motion-utils/dist/es/errors.mjs:13
